layer,shape,rm_qasc,rm_wiki_qa,rm_quartz,rm_paws,rm_story_cloze,rm_winogrande,rm_wsc,rm_SUM,am_qasc,am_wiki_qa,am_quartz,am_paws,am_story_cloze,am_winogrande,am_wsc,am_SUM
transformer.encoder.block.0.layer.0.SelfAttention.q.weight,768x768,1.5156e+06,8.0199e+05,1.9786e+06,1.3032e+06,inf,1.9868e+06,2.6843e+06,6.1440e+05,1.2706e+11,1.7481e+09,6.2969e+08,inf,6.5900e+08,2.7673e+09,8.7712e+09,1.1060e+04
transformer.encoder.block.0.layer.0.SelfAttention.k.weight,768x768,1.5156e+06,8.0199e+05,1.9786e+06,1.3032e+06,inf,1.9868e+06,2.6843e+06,6.1440e+05,2.6184e+09,inf,8.3196e+08,inf,1.7398e+10,1.4276e+09,1.4714e+08,2.5861e+03
transformer.encoder.block.0.layer.0.SelfAttention.v.weight,768x768,1.5156e+06,8.0199e+05,1.9786e+06,1.3032e+06,inf,1.9868e+06,2.6843e+06,6.1440e+05,2.1148e+10,inf,3.2636e+08,8.3997e+08,inf,1.2719e+09,5.3374e+09,6.5760e+04
transformer.encoder.block.0.layer.0.SelfAttention.o.weight,768x768,3.1192e+04,2.1611e+04,2.8652e+04,1.4594e+04,inf,4.1297e+04,5.8813e+04,1.3798e+04,2.3637e+10,inf,2.3886e+08,1.0768e+09,inf,8.5298e+09,3.4714e+10,1.5919e+04
transformer.encoder.block.0.layer.1.DenseReluDense.wi.weight,3072x768,8.0924e+04,5.7580e+04,9.3195e+04,7.4071e+04,inf,1.0835e+05,1.3494e+05,5.1404e+04,3.6048e+03,9.1472e+03,3.3689e+03,2.7407e+03,1.0465e+04,4.6130e+03,3.4414e+03,1.6522e+03
transformer.encoder.block.0.layer.1.DenseReluDense.wo.weight,768x3072,8.1767e+02,4.0454e+02,6.2369e+02,4.3248e+02,5.3587e+22,1.1075e+03,9.5627e+02,4.0954e+02,5.9410e+03,5.8051e+04,1.2045e+03,2.2028e+03,1.5956e+04,9.4177e+03,1.4306e+04,9.7803e+02
transformer.encoder.block.1.layer.0.SelfAttention.q.weight,768x768,1.5002e+05,1.1759e+05,1.8853e+05,1.2462e+05,inf,2.0939e+05,1.9458e+05,6.2323e+04,inf,inf,2.9418e+08,inf,1.9403e+09,inf,4.0891e+08,9.8805e+03
transformer.encoder.block.1.layer.0.SelfAttention.k.weight,768x768,1.5002e+05,1.1759e+05,1.8853e+05,1.2462e+05,inf,2.0939e+05,1.9458e+05,6.2323e+04,2.8260e+09,inf,1.2471e+09,1.2453e+09,1.5031e+09,3.8664e+08,3.2616e+08,1.2227e+03
transformer.encoder.block.1.layer.0.SelfAttention.v.weight,768x768,1.5002e+05,1.1759e+05,1.8853e+05,1.2462e+05,inf,2.0939e+05,1.9458e+05,6.2323e+04,3.4818e+09,inf,2.9309e+09,inf,inf,8.5305e+08,1.2128e+09,3.7874e+04
transformer.encoder.block.1.layer.0.SelfAttention.o.weight,768x768,2.9054e+04,1.1833e+04,3.2628e+04,2.8705e+04,inf,3.3509e+04,4.3417e+04,1.0604e+04,inf,inf,1.0642e+10,1.0468e+09,inf,1.0998e+09,inf,1.1653e+04
transformer.encoder.block.1.layer.1.DenseReluDense.wi.weight,3072x768,3.9394e+06,3.5720e+06,5.5501e+06,5.1076e+06,inf,6.8653e+06,6.7712e+06,2.8130e+06,5.5892e+03,9.1762e+03,4.8254e+03,3.1215e+03,1.8175e+04,3.7213e+03,3.8841e+03,1.8781e+03
transformer.encoder.block.1.layer.1.DenseReluDense.wo.weight,768x3072,4.0927e+02,5.0729e+02,9.5733e+02,4.5116e+02,3.0408e+22,1.3148e+03,9.0363e+02,5.4158e+02,3.2914e+03,2.2582e+04,7.7919e+02,1.5340e+03,1.1770e+04,3.1907e+03,5.3521e+03,5.8462e+02
transformer.encoder.block.2.layer.0.SelfAttention.q.weight,768x768,8.5516e+06,6.4968e+07,2.3315e+07,1.2243e+07,inf,3.9820e+07,2.4999e+09,3.2104e+05,inf,inf,1.9817e+10,inf,inf,2.2071e+09,8.2596e+09,9.0903e+03
transformer.encoder.block.2.layer.0.SelfAttention.k.weight,768x768,8.5516e+06,6.4968e+07,2.3315e+07,1.2243e+07,inf,3.9820e+07,2.4999e+09,3.2104e+05,inf,1.3420e+09,8.9672e+08,2.0427e+09,inf,9.2275e+08,6.0312e+09,1.7323e+03
transformer.encoder.block.2.layer.0.SelfAttention.v.weight,768x768,8.5516e+06,6.4968e+07,2.3315e+07,1.2243e+07,inf,3.9820e+07,2.4999e+09,3.2104e+05,inf,inf,5.6271e+10,inf,inf,7.1380e+09,1.4591e+09,6.1585e+04
transformer.encoder.block.2.layer.0.SelfAttention.o.weight,768x768,2.5298e+04,1.9422e+04,3.0487e+04,2.8863e+04,inf,2.9505e+04,3.4795e+04,1.1690e+04,inf,inf,2.3423e+09,7.8662e+09,1.3106e+10,inf,inf,1.1548e+04
transformer.encoder.block.2.layer.1.DenseReluDense.wi.weight,3072x768,1.7052e+06,8.4610e+05,2.1896e+06,1.9403e+06,inf,2.1065e+06,2.0579e+06,9.6886e+05,3.8780e+03,8.7477e+03,6.5163e+03,4.2929e+03,2.4474e+04,4.3592e+03,4.1500e+03,2.5868e+03
transformer.encoder.block.2.layer.1.DenseReluDense.wo.weight,768x3072,1.0069e+03,9.7586e+02,1.3637e+03,1.1116e+03,3.1550e+24,3.3113e+03,2.3688e+03,1.2996e+03,1.7291e+03,1.1426e+04,8.5407e+02,8.3399e+02,8.2170e+03,1.8117e+03,3.3917e+03,3.3785e+02
transformer.encoder.block.3.layer.0.SelfAttention.q.weight,768x768,1.2397e+10,2.8036e+07,5.0338e+07,2.0963e+06,inf,4.5594e+08,5.9447e+07,1.8796e+05,inf,1.0310e+10,1.8109e+08,7.4960e+07,2.1705e+09,3.1658e+08,7.8233e+08,6.7871e+03
transformer.encoder.block.3.layer.0.SelfAttention.k.weight,768x768,1.2397e+10,2.8036e+07,5.0338e+07,2.0963e+06,inf,4.5594e+08,5.9447e+07,1.8796e+05,1.4490e+09,5.7880e+09,1.5294e+09,inf,3.7626e+08,2.0621e+09,inf,1.8785e+03
transformer.encoder.block.3.layer.0.SelfAttention.v.weight,768x768,1.2397e+10,2.8036e+07,5.0338e+07,2.0963e+06,inf,4.5594e+08,5.9447e+07,1.8796e+05,8.7876e+08,inf,1.6974e+09,1.1784e+09,inf,inf,inf,6.0562e+04
transformer.encoder.block.3.layer.0.SelfAttention.o.weight,768x768,4.3367e+04,1.8958e+04,4.3605e+04,2.9452e+04,inf,4.2382e+04,4.3860e+04,1.5585e+04,7.5143e+08,inf,2.9980e+08,2.4190e+08,inf,inf,2.1853e+09,1.3968e+04
transformer.encoder.block.3.layer.1.DenseReluDense.wi.weight,3072x768,2.1046e+08,1.2994e+09,4.0371e+09,1.2552e+09,inf,1.8383e+09,4.4011e+09,3.8561e+07,3.7980e+03,9.8090e+03,7.4468e+03,6.0098e+03,2.1351e+04,6.3081e+03,5.0412e+03,3.2591e+03
transformer.encoder.block.3.layer.1.DenseReluDense.wo.weight,768x3072,4.7606e+03,4.2134e+03,6.0967e+03,5.1068e+03,2.6614e+39,1.2177e+04,8.8344e+03,5.5436e+03,1.2284e+03,7.9072e+03,1.0220e+03,7.1484e+02,8.5429e+03,1.2193e+03,2.6117e+03,2.5370e+02
transformer.encoder.block.4.layer.0.SelfAttention.q.weight,768x768,1.1487e+08,5.3846e+06,1.0643e+08,1.4902e+07,inf,3.6304e+07,4.8155e+07,2.8931e+05,1.3131e+09,inf,inf,1.6994e+09,1.4891e+09,1.3741e+10,5.8629e+08,2.6241e+03
transformer.encoder.block.4.layer.0.SelfAttention.k.weight,768x768,1.1487e+08,5.3846e+06,1.0643e+08,1.4902e+07,inf,3.6304e+07,4.8155e+07,2.8931e+05,1.3230e+09,2.3946e+09,2.2136e+09,2.6460e+09,4.7551e+09,3.6732e+08,1.3482e+09,2.6050e+03
transformer.encoder.block.4.layer.0.SelfAttention.v.weight,768x768,1.1487e+08,5.3846e+06,1.0643e+08,1.4902e+07,inf,3.6304e+07,4.8155e+07,2.8931e+05,2.9191e+09,inf,1.2011e+09,3.0856e+09,inf,1.8120e+09,1.6515e+09,2.1399e+04
transformer.encoder.block.4.layer.0.SelfAttention.o.weight,768x768,4.5678e+04,3.6604e+04,3.7132e+04,2.7756e+04,inf,4.0659e+04,4.3107e+04,1.4495e+04,2.2640e+09,inf,inf,1.4577e+09,inf,inf,inf,8.3137e+03
transformer.encoder.block.4.layer.1.DenseReluDense.wi.weight,3072x768,6.2411e+06,4.8335e+06,8.9985e+06,8.0026e+06,inf,1.1653e+07,7.6014e+06,4.0206e+06,4.7812e+03,1.5164e+04,1.1697e+04,7.2225e+03,2.1288e+04,6.6172e+03,5.3466e+03,4.1132e+03
transformer.encoder.block.4.layer.1.DenseReluDense.wo.weight,768x3072,7.6796e+03,7.3864e+03,9.7124e+03,1.0561e+04,3.6847e+39,1.7674e+04,1.1909e+04,8.7676e+03,1.1453e+03,8.7673e+03,1.1698e+03,9.3164e+02,1.1674e+04,1.4143e+03,2.9634e+03,2.7642e+02
transformer.encoder.block.5.layer.0.SelfAttention.q.weight,768x768,1.1051e+08,2.6693e+06,3.6877e+06,4.9499e+05,inf,5.4014e+06,4.5547e+09,1.5198e+05,5.5164e+08,inf,3.6172e+09,5.4027e+08,1.9382e+09,3.2520e+08,inf,6.5676e+03
transformer.encoder.block.5.layer.0.SelfAttention.k.weight,768x768,1.1051e+08,2.6693e+06,3.6877e+06,4.9499e+05,inf,5.4014e+06,4.5547e+09,1.5198e+05,1.5596e+09,2.0633e+09,inf,1.7678e+09,1.8452e+09,1.1548e+09,8.3129e+07,4.7344e+03
transformer.encoder.block.5.layer.0.SelfAttention.v.weight,768x768,1.1051e+08,2.6693e+06,3.6877e+06,4.9499e+05,inf,5.4014e+06,4.5547e+09,1.5198e+05,1.4738e+09,inf,inf,7.8086e+08,inf,inf,7.0512e+10,6.3593e+04
transformer.encoder.block.5.layer.0.SelfAttention.o.weight,768x768,1.7039e+04,1.6723e+04,3.1992e+04,1.7477e+04,inf,1.7572e+04,2.1624e+04,5.4394e+03,9.0269e+08,2.9909e+09,4.8742e+08,inf,inf,inf,inf,1.0063e+04
transformer.encoder.block.5.layer.1.DenseReluDense.wi.weight,3072x768,1.1329e+09,1.7531e+11,1.8616e+10,8.9044e+08,inf,7.1259e+08,8.9034e+09,1.0270e+08,5.7048e+03,1.2806e+04,1.3017e+04,1.0533e+04,3.1846e+04,8.1747e+03,6.8193e+03,4.9683e+03
transformer.encoder.block.5.layer.1.DenseReluDense.wo.weight,768x3072,3.9273e+03,3.8743e+03,4.9676e+03,4.6772e+03,5.0072e+38,7.5142e+03,5.4908e+03,4.0934e+03,1.3166e+03,8.8785e+03,1.1682e+03,8.9720e+02,1.2469e+04,1.6353e+03,3.9720e+03,3.1079e+02
transformer.encoder.block.6.layer.0.SelfAttention.q.weight,768x768,3.8404e+07,9.2200e+06,1.6719e+07,2.8287e+07,inf,6.9047e+08,1.2452e+08,7.0048e+05,3.0255e+08,inf,inf,9.0990e+08,inf,inf,inf,8.9521e+03
transformer.encoder.block.6.layer.0.SelfAttention.k.weight,768x768,3.8404e+07,9.2200e+06,1.6719e+07,2.8287e+07,inf,6.9047e+08,1.2452e+08,7.0048e+05,2.5473e+09,3.2047e+09,3.4978e+09,inf,inf,4.8219e+08,1.0402e+08,5.5029e+03
transformer.encoder.block.6.layer.0.SelfAttention.v.weight,768x768,3.8404e+07,9.2200e+06,1.6719e+07,2.8287e+07,inf,6.9047e+08,1.2452e+08,7.0048e+05,inf,inf,3.6557e+09,2.0733e+09,inf,2.2763e+09,2.4224e+11,9.9615e+04
transformer.encoder.block.6.layer.0.SelfAttention.o.weight,768x768,1.9253e+04,4.1803e+04,3.2199e+04,3.8776e+04,inf,3.0166e+04,3.7842e+04,7.3429e+03,9.8710e+09,inf,9.0846e+08,1.7692e+09,inf,1.0984e+11,inf,7.8824e+03
transformer.encoder.block.6.layer.1.DenseReluDense.wi.weight,3072x768,3.6314e+08,2.8573e+12,1.1887e+08,1.3554e+08,inf,7.0444e+08,3.0445e+09,2.1194e+07,8.7695e+03,1.6355e+04,1.3903e+04,1.2367e+04,3.1609e+04,1.1694e+04,8.3531e+03,5.7005e+03
transformer.encoder.block.6.layer.1.DenseReluDense.wo.weight,768x3072,2.5498e+03,2.1663e+03,2.9806e+03,3.0321e+03,2.4168e+25,4.2521e+03,3.4682e+03,2.4316e+03,1.5090e+03,9.7037e+03,1.2739e+03,1.2530e+03,1.1073e+04,1.9239e+03,4.6197e+03,3.5154e+02
transformer.encoder.block.7.layer.0.SelfAttention.q.weight,768x768,1.4691e+07,3.6119e+07,1.1534e+08,5.7572e+06,inf,1.0161e+07,5.4581e+07,7.2677e+05,inf,inf,inf,7.8130e+08,8.0440e+08,9.0233e+08,inf,8.5232e+03
transformer.encoder.block.7.layer.0.SelfAttention.k.weight,768x768,1.4691e+07,3.6119e+07,1.1534e+08,5.7572e+06,inf,1.0161e+07,5.4581e+07,7.2677e+05,1.0475e+09,4.4981e+09,2.2404e+09,2.1793e+09,2.2299e+08,1.3795e+09,7.0216e+08,4.0573e+03
transformer.encoder.block.7.layer.0.SelfAttention.v.weight,768x768,1.4691e+07,3.6119e+07,1.1534e+08,5.7572e+06,inf,1.0161e+07,5.4581e+07,7.2677e+05,1.4025e+09,inf,2.4469e+10,inf,inf,7.4861e+09,inf,1.2138e+05
transformer.encoder.block.7.layer.0.SelfAttention.o.weight,768x768,5.9876e+04,6.5704e+04,3.5826e+04,3.4767e+04,inf,1.0241e+05,1.0706e+05,1.2945e+04,1.9749e+09,inf,4.6278e+08,3.0076e+10,inf,1.5731e+10,inf,1.0904e+04
transformer.encoder.block.7.layer.1.DenseReluDense.wi.weight,3072x768,2.7425e+04,2.3525e+04,3.5102e+04,2.9971e+04,inf,5.2256e+04,4.4774e+04,1.5456e+04,1.2503e+04,1.9355e+04,1.4625e+04,1.2738e+04,5.0720e+04,1.6869e+04,1.3605e+04,6.3779e+03
transformer.encoder.block.7.layer.1.DenseReluDense.wo.weight,768x3072,2.0412e+03,2.5166e+03,2.5405e+03,8.0276e+03,1.7336e+40,2.1335e+03,1.4289e+03,2.3198e+03,1.7735e+03,9.4724e+03,1.2823e+03,1.5958e+03,1.1185e+04,1.8794e+03,5.4442e+03,3.7445e+02
transformer.encoder.block.8.layer.0.SelfAttention.q.weight,768x768,4.3167e+06,3.4092e+06,1.4762e+06,8.9722e+05,inf,4.0978e+06,2.3614e+07,7.7476e+04,2.1542e+09,inf,1.3253e+10,2.8342e+09,inf,5.8535e+09,2.8326e+09,1.2822e+04
transformer.encoder.block.8.layer.0.SelfAttention.k.weight,768x768,4.3167e+06,3.4092e+06,1.4762e+06,8.9722e+05,inf,4.0978e+06,2.3614e+07,7.7476e+04,inf,inf,inf,inf,1.8908e+09,1.3316e+08,1.0376e+09,1.1152e+04
transformer.encoder.block.8.layer.0.SelfAttention.v.weight,768x768,4.3167e+06,3.4092e+06,1.4762e+06,8.9722e+05,inf,4.0978e+06,2.3614e+07,7.7476e+04,7.6451e+09,inf,1.8707e+09,1.9501e+09,4.5459e+09,2.7043e+09,2.8221e+10,1.4762e+05
transformer.encoder.block.8.layer.0.SelfAttention.o.weight,768x768,6.6851e+04,5.3950e+04,2.1450e+04,7.5881e+04,inf,3.0111e+04,3.6214e+04,1.0299e+04,1.5814e+09,inf,5.5491e+08,inf,inf,inf,7.1329e+09,1.0829e+04
transformer.encoder.block.8.layer.1.DenseReluDense.wi.weight,3072x768,2.5742e+04,2.0738e+04,2.9646e+04,2.3322e+04,inf,5.1264e+04,3.7752e+04,1.4440e+04,1.3236e+04,2.5741e+04,1.8590e+04,9.1810e+03,5.9902e+04,3.3129e+04,1.8212e+04,6.4006e+03
transformer.encoder.block.8.layer.1.DenseReluDense.wo.weight,768x3072,1.2675e+03,1.4734e+03,1.8769e+03,5.2138e+03,2.0552e+39,1.8041e+03,1.4749e+03,1.4901e+03,1.7378e+03,1.2823e+04,1.4087e+03,3.0022e+03,1.2477e+04,2.0826e+03,6.5813e+03,4.3781e+02
transformer.encoder.block.9.layer.0.SelfAttention.q.weight,768x768,8.6376e+07,9.7212e+06,1.6329e+06,3.5252e+06,inf,7.3733e+07,1.5218e+07,2.8223e+05,7.1809e+08,3.0566e+12,inf,4.5830e+08,inf,7.9070e+09,2.2322e+09,1.3334e+04
transformer.encoder.block.9.layer.0.SelfAttention.k.weight,768x768,8.6376e+07,9.7212e+06,1.6329e+06,3.5252e+06,inf,7.3733e+07,1.5218e+07,2.8223e+05,1.4363e+09,1.6058e+10,6.1570e+08,1.2440e+09,1.4515e+09,inf,2.0024e+09,7.9311e+03
transformer.encoder.block.9.layer.0.SelfAttention.v.weight,768x768,8.6376e+07,9.7212e+06,1.6329e+06,3.5252e+06,inf,7.3733e+07,1.5218e+07,2.8223e+05,1.0944e+09,inf,2.7596e+08,2.9709e+09,inf,2.6432e+09,1.6117e+10,1.8319e+05
transformer.encoder.block.9.layer.0.SelfAttention.o.weight,768x768,3.4642e+04,9.3689e+04,5.3632e+04,9.6286e+04,inf,3.2550e+04,4.6336e+04,1.4031e+04,inf,inf,9.7590e+08,1.8956e+09,inf,3.5339e+09,3.3289e+09,1.4085e+04
transformer.encoder.block.9.layer.1.DenseReluDense.wi.weight,3072x768,2.7444e+04,2.2640e+04,3.0723e+04,2.6370e+04,inf,4.1783e+04,3.4524e+04,1.5497e+04,1.4459e+04,2.4090e+04,1.4492e+04,1.0538e+04,6.9134e+04,2.3669e+04,2.3634e+04,6.1186e+03
transformer.encoder.block.9.layer.1.DenseReluDense.wo.weight,768x3072,3.6737e+03,5.0339e+03,3.6636e+03,7.9015e+03,2.6209e+39,3.7845e+03,3.0011e+03,3.0251e+03,2.1778e+03,1.3313e+04,2.0463e+03,5.3989e+03,1.7424e+04,1.9722e+03,7.6373e+03,5.8748e+02
transformer.encoder.block.10.layer.0.SelfAttention.q.weight,768x768,6.2920e+06,3.4061e+06,1.7697e+06,2.1866e+07,inf,1.3891e+07,4.6478e+07,9.8778e+05,1.8144e+09,inf,1.3189e+09,5.2186e+09,8.6872e+09,6.4419e+09,6.0467e+10,1.9166e+04
transformer.encoder.block.10.layer.0.SelfAttention.k.weight,768x768,6.2920e+06,3.4061e+06,1.7697e+06,2.1866e+07,inf,1.3891e+07,4.6478e+07,9.8778e+05,6.7604e+09,3.3739e+09,6.6287e+08,2.2499e+09,inf,inf,1.7321e+09,7.7560e+03
transformer.encoder.block.10.layer.0.SelfAttention.v.weight,768x768,6.2920e+06,3.4061e+06,1.7697e+06,2.1866e+07,inf,1.3891e+07,4.6478e+07,9.8778e+05,2.1111e+10,inf,1.3092e+09,2.0120e+09,inf,3.3630e+09,2.8976e+09,2.4467e+05
transformer.encoder.block.10.layer.0.SelfAttention.o.weight,768x768,6.7058e+04,1.5986e+05,2.1419e+04,8.9988e+04,inf,1.0316e+05,6.2647e+04,1.1499e+04,3.6368e+09,inf,2.2920e+08,inf,inf,5.4766e+09,inf,9.9251e+03
transformer.encoder.block.10.layer.1.DenseReluDense.wi.weight,3072x768,2.6506e+04,3.0211e+04,2.8972e+04,2.9194e+04,inf,4.6527e+04,3.5718e+04,1.5658e+04,2.0331e+04,3.1557e+04,1.6597e+04,1.5200e+04,8.5565e+04,2.8232e+04,3.2243e+04,7.2063e+03
transformer.encoder.block.10.layer.1.DenseReluDense.wo.weight,768x3072,5.5277e+03,1.3224e+04,5.3566e+03,9.3043e+03,1.3955e+40,6.1317e+03,5.1518e+03,4.9985e+03,2.8689e+03,2.4612e+04,2.1549e+03,9.4683e+03,2.3259e+04,3.1314e+03,1.0617e+04,7.9758e+02
transformer.encoder.block.11.layer.0.SelfAttention.q.weight,768x768,6.4858e+06,2.8384e+08,2.8941e+06,5.3702e+06,inf,1.6708e+06,1.1286e+09,8.3238e+05,7.0746e+08,inf,inf,3.7883e+09,inf,7.3528e+08,inf,1.6551e+04
transformer.encoder.block.11.layer.0.SelfAttention.k.weight,768x768,6.4858e+06,2.8384e+08,2.8941e+06,5.3702e+06,inf,1.6708e+06,1.1286e+09,8.3238e+05,5.8082e+09,3.7305e+09,inf,inf,1.2671e+09,inf,2.6356e+09,1.5165e+04
transformer.encoder.block.11.layer.0.SelfAttention.v.weight,768x768,6.4858e+06,2.8384e+08,2.8941e+06,5.3702e+06,inf,1.6708e+06,1.1286e+09,8.3238e+05,3.9651e+09,inf,4.5246e+08,6.1952e+10,inf,inf,inf,3.4540e+05
transformer.encoder.block.11.layer.0.SelfAttention.o.weight,768x768,5.1650e+04,1.2276e+05,5.7255e+04,7.4061e+04,inf,7.2184e+04,1.3913e+05,9.1180e+03,2.7731e+09,inf,3.9010e+09,inf,inf,inf,inf,1.8117e+04
transformer.encoder.block.11.layer.1.DenseReluDense.wi.weight,3072x768,2.3494e+04,2.5502e+04,2.4240e+04,2.8256e+04,inf,2.5830e+04,2.5322e+04,1.3396e+04,2.6866e+04,9.2501e+04,1.6851e+04,4.2350e+04,1.3122e+05,4.1458e+04,8.0909e+04,1.1588e+04
transformer.encoder.block.11.layer.1.DenseReluDense.wo.weight,768x3072,7.0310e+03,1.8883e+04,7.7885e+03,9.0397e+03,4.8659e+24,1.0879e+04,1.1249e+04,7.8133e+03,9.8461e+03,4.8286e+05,3.7753e+03,2.7061e+04,7.5587e+04,7.9584e+03,5.0813e+04,2.2202e+03
transformer.decoder.block.0.layer.0.SelfAttention.q.weight,768x768,inf,inf,inf,inf,inf,inf,inf,1.4752e+07,2.0541e+08,inf,9.6017e+08,inf,inf,2.1900e+09,inf,3.0040e+04
transformer.decoder.block.0.layer.0.SelfAttention.k.weight,768x768,inf,inf,inf,inf,inf,inf,inf,1.4752e+07,1.2628e+08,inf,2.2158e+09,inf,inf,3.8263e+08,inf,1.2720e+04
transformer.decoder.block.0.layer.0.SelfAttention.v.weight,768x768,inf,inf,inf,inf,inf,inf,inf,1.4752e+07,inf,inf,3.5385e+09,inf,inf,inf,inf,4.0567e+05
transformer.decoder.block.0.layer.0.SelfAttention.o.weight,768x768,inf,inf,inf,inf,inf,inf,inf,7.6319e+06,inf,inf,inf,inf,inf,inf,inf,1.4657e+07
transformer.decoder.block.0.layer.1.EncDecAttention.q.weight,768x768,inf,inf,inf,inf,inf,inf,inf,5.4838e+05,inf,inf,3.0124e+09,inf,inf,inf,inf,1.0298e+05
transformer.decoder.block.0.layer.1.EncDecAttention.k.weight,768x768,1.0629e+05,1.5779e+05,1.2736e+05,1.8435e+05,inf,1.0042e+05,8.6472e+04,5.0467e+04,inf,inf,1.8571e+09,inf,inf,inf,inf,1.0499e+04
transformer.decoder.block.0.layer.1.EncDecAttention.v.weight,768x768,1.0629e+05,1.5779e+05,1.2736e+05,1.8435e+05,inf,1.0042e+05,8.6472e+04,5.0467e+04,inf,inf,5.5319e+10,inf,inf,inf,inf,1.8389e+05
transformer.decoder.block.0.layer.1.EncDecAttention.o.weight,768x768,2.0536e+07,inf,2.0558e+08,inf,inf,inf,inf,1.2806e+06,inf,inf,inf,inf,inf,inf,inf,2.5657e+05
transformer.decoder.block.0.layer.2.DenseReluDense.wi.weight,3072x768,1.6025e+06,inf,4.3164e+08,inf,inf,inf,inf,2.2333e+05,2.8985e+04,1.9865e+04,3.6204e+03,2.6724e+04,5.9011e+05,5.7111e+04,8.4637e+04,3.4936e+03
transformer.decoder.block.0.layer.2.DenseReluDense.wo.weight,768x3072,1.7929e+05,1.7708e+18,3.7249e+09,1.1104e+12,4.3566e+128,3.1136e+10,6.1555e+21,3.9615e+04,2.0204e+05,1.3787e+04,2.0726e+03,1.0897e+04,1.1324e+06,5.3577e+05,5.0609e+04,4.1996e+03
transformer.decoder.block.1.layer.0.SelfAttention.q.weight,768x768,2.0602e+06,inf,inf,inf,inf,inf,inf,1.1385e+05,inf,inf,3.7040e+08,inf,inf,inf,inf,2.3034e+04
transformer.decoder.block.1.layer.0.SelfAttention.k.weight,768x768,2.0602e+06,inf,inf,inf,inf,inf,inf,1.1385e+05,9.2622e+08,inf,3.3675e+08,inf,inf,7.9811e+08,inf,1.7402e+04
transformer.decoder.block.1.layer.0.SelfAttention.v.weight,768x768,2.0602e+06,inf,inf,inf,inf,inf,inf,1.1385e+05,inf,inf,inf,inf,inf,inf,inf,3.8314e+05
transformer.decoder.block.1.layer.0.SelfAttention.o.weight,768x768,9.7782e+06,inf,inf,inf,inf,inf,inf,7.3163e+05,inf,inf,inf,inf,inf,inf,inf,1.4537e+06
transformer.decoder.block.1.layer.1.EncDecAttention.q.weight,768x768,3.1771e+06,inf,inf,inf,inf,inf,inf,3.1811e+05,inf,inf,1.6817e+09,inf,inf,inf,inf,3.6306e+04
transformer.decoder.block.1.layer.1.EncDecAttention.k.weight,768x768,1.0629e+05,1.5779e+05,1.2736e+05,1.8435e+05,inf,1.0042e+05,8.6472e+04,5.0467e+04,inf,inf,inf,inf,inf,inf,inf,6.5603e+03
transformer.decoder.block.1.layer.1.EncDecAttention.v.weight,768x768,1.0629e+05,1.5779e+05,1.2736e+05,1.8435e+05,inf,1.0042e+05,8.6472e+04,5.0467e+04,inf,5.6593e+10,inf,1.9832e+10,inf,inf,inf,3.3456e+05
transformer.decoder.block.1.layer.1.EncDecAttention.o.weight,768x768,6.9630e+06,inf,1.3847e+08,inf,inf,inf,inf,5.7859e+05,inf,inf,inf,inf,inf,inf,inf,4.1799e+05
transformer.decoder.block.1.layer.2.DenseReluDense.wi.weight,3072x768,2.7214e+06,inf,1.1435e+08,inf,inf,inf,inf,2.5582e+05,1.3911e+04,3.6735e+04,6.6774e+03,3.4415e+04,3.9830e+06,2.3589e+04,8.6506e+04,3.2712e+03
transformer.decoder.block.1.layer.2.DenseReluDense.wo.weight,768x3072,3.3574e+05,1.3359e+22,6.0455e+10,7.1633e+21,1.0730e+154,1.5602e+12,1.2868e+38,1.1504e+05,3.1182e+04,2.0773e+04,1.3188e+03,1.0626e+04,5.5992e+06,4.1940e+04,4.8879e+04,2.3923e+03
transformer.decoder.block.2.layer.0.SelfAttention.q.weight,768x768,3.0829e+06,inf,2.2329e+09,inf,inf,inf,inf,2.2261e+05,2.6143e+09,inf,inf,inf,inf,inf,inf,3.1757e+04
transformer.decoder.block.2.layer.0.SelfAttention.k.weight,768x768,3.0829e+06,inf,2.2329e+09,inf,inf,inf,inf,2.2261e+05,1.1493e+10,inf,2.3725e+09,inf,inf,9.9086e+09,inf,2.4821e+04
transformer.decoder.block.2.layer.0.SelfAttention.v.weight,768x768,3.0829e+06,inf,2.2329e+09,inf,inf,inf,inf,2.2261e+05,inf,inf,inf,inf,inf,inf,inf,6.5520e+05
transformer.decoder.block.2.layer.0.SelfAttention.o.weight,768x768,7.4004e+06,inf,1.9374e+08,inf,inf,inf,inf,7.9582e+05,inf,inf,inf,inf,inf,inf,inf,7.9279e+05
transformer.decoder.block.2.layer.1.EncDecAttention.q.weight,768x768,1.5362e+09,inf,inf,inf,inf,inf,inf,1.0653e+07,inf,inf,3.5167e+09,inf,inf,inf,inf,2.8047e+04
transformer.decoder.block.2.layer.1.EncDecAttention.k.weight,768x768,1.0629e+05,1.5779e+05,1.2736e+05,1.8435e+05,inf,1.0042e+05,8.6472e+04,5.0467e+04,8.5682e+09,inf,1.3171e+09,inf,inf,inf,inf,7.6795e+03
transformer.decoder.block.2.layer.1.EncDecAttention.v.weight,768x768,1.0629e+05,1.5779e+05,1.2736e+05,1.8435e+05,inf,1.0042e+05,8.6472e+04,5.0467e+04,5.2946e+09,inf,1.0738e+09,inf,inf,inf,inf,2.9912e+05
transformer.decoder.block.2.layer.1.EncDecAttention.o.weight,768x768,1.4494e+06,inf,1.0481e+07,inf,inf,inf,inf,1.0444e+05,inf,inf,7.0514e+09,inf,inf,inf,inf,2.2127e+05
transformer.decoder.block.2.layer.2.DenseReluDense.wi.weight,3072x768,5.5229e+06,inf,1.5682e+08,inf,inf,inf,inf,8.2599e+05,1.3659e+04,6.5045e+04,8.6413e+03,5.6432e+04,9.8532e+06,2.0093e+04,7.9694e+04,5.1466e+03
transformer.decoder.block.2.layer.2.DenseReluDense.wo.weight,768x3072,7.5357e+05,2.7768e+36,3.0166e+11,9.2064e+34,1.0299e+102,1.7607e+13,1.1209e+55,1.6607e+05,1.6313e+04,2.3159e+04,1.2369e+03,1.0692e+04,5.8074e+06,1.7338e+04,5.2090e+04,1.6824e+03
transformer.decoder.block.3.layer.0.SelfAttention.q.weight,768x768,3.9672e+06,inf,4.4261e+08,inf,inf,inf,inf,2.4858e+05,inf,inf,6.5453e+09,inf,inf,inf,inf,4.5855e+04
transformer.decoder.block.3.layer.0.SelfAttention.k.weight,768x768,3.9672e+06,inf,4.4261e+08,inf,inf,inf,inf,2.4858e+05,1.7696e+10,inf,inf,inf,inf,5.3961e+10,inf,5.4600e+04
transformer.decoder.block.3.layer.0.SelfAttention.v.weight,768x768,3.9672e+06,inf,4.4261e+08,inf,inf,inf,inf,2.4858e+05,inf,inf,inf,inf,inf,inf,inf,1.2637e+06
transformer.decoder.block.3.layer.0.SelfAttention.o.weight,768x768,7.0762e+06,inf,2.4176e+08,inf,inf,inf,inf,8.3242e+05,inf,inf,inf,inf,inf,inf,inf,1.4363e+06
transformer.decoder.block.3.layer.1.EncDecAttention.q.weight,768x768,1.7848e+08,inf,1.6671e+10,inf,inf,inf,inf,5.2790e+06,inf,inf,inf,inf,inf,inf,inf,3.4970e+04
transformer.decoder.block.3.layer.1.EncDecAttention.k.weight,768x768,1.0629e+05,1.5779e+05,1.2736e+05,1.8435e+05,inf,1.0042e+05,8.6472e+04,5.0467e+04,inf,inf,inf,inf,inf,inf,inf,1.1736e+04
transformer.decoder.block.3.layer.1.EncDecAttention.v.weight,768x768,1.0629e+05,1.5779e+05,1.2736e+05,1.8435e+05,inf,1.0042e+05,8.6472e+04,5.0467e+04,7.9974e+09,inf,4.4692e+08,inf,inf,inf,inf,3.0999e+05
transformer.decoder.block.3.layer.1.EncDecAttention.o.weight,768x768,1.0082e+06,inf,5.5750e+06,inf,inf,inf,inf,9.3278e+04,inf,inf,4.4614e+09,inf,inf,inf,inf,9.3517e+04
transformer.decoder.block.3.layer.2.DenseReluDense.wi.weight,3072x768,3.0347e+06,inf,1.3040e+08,inf,inf,inf,inf,1.9310e+05,1.2064e+04,8.0656e+04,8.3558e+03,6.4858e+04,5.2874e+06,1.6214e+04,7.1078e+04,6.7671e+03
transformer.decoder.block.3.layer.2.DenseReluDense.wo.weight,768x3072,1.5275e+05,6.3019e+34,5.0483e+09,7.0738e+21,4.9199e+136,4.0271e+11,1.3739e+53,2.8098e+04,1.2037e+04,3.4869e+04,1.2181e+03,1.7238e+04,2.2948e+06,1.2642e+04,4.0631e+04,1.5668e+03
transformer.decoder.block.4.layer.0.SelfAttention.q.weight,768x768,2.3930e+06,inf,9.9238e+07,inf,inf,inf,inf,2.2927e+05,inf,inf,3.9202e+09,inf,inf,inf,inf,5.7755e+04
transformer.decoder.block.4.layer.0.SelfAttention.k.weight,768x768,2.3930e+06,inf,9.9238e+07,inf,inf,inf,inf,2.2927e+05,inf,inf,2.2978e+10,inf,inf,inf,inf,1.1969e+05
transformer.decoder.block.4.layer.0.SelfAttention.v.weight,768x768,2.3930e+06,inf,9.9238e+07,inf,inf,inf,inf,2.2927e+05,inf,inf,inf,inf,inf,inf,inf,1.0804e+06
transformer.decoder.block.4.layer.0.SelfAttention.o.weight,768x768,9.6106e+06,inf,1.2863e+08,inf,inf,inf,inf,5.0914e+05,inf,inf,inf,inf,inf,inf,inf,3.1024e+05
transformer.decoder.block.4.layer.1.EncDecAttention.q.weight,768x768,1.2892e+09,inf,1.5287e+12,inf,inf,inf,inf,4.1952e+06,inf,inf,1.8630e+09,inf,inf,inf,inf,3.0789e+04
transformer.decoder.block.4.layer.1.EncDecAttention.k.weight,768x768,1.0629e+05,1.5779e+05,1.2736e+05,1.8435e+05,inf,1.0042e+05,8.6472e+04,5.0467e+04,3.0191e+09,inf,1.0219e+10,inf,inf,inf,inf,9.4962e+03
transformer.decoder.block.4.layer.1.EncDecAttention.v.weight,768x768,1.0629e+05,1.5779e+05,1.2736e+05,1.8435e+05,inf,1.0042e+05,8.6472e+04,5.0467e+04,inf,inf,1.1844e+09,5.9717e+09,inf,inf,inf,3.0100e+05
transformer.decoder.block.4.layer.1.EncDecAttention.o.weight,768x768,1.4733e+06,inf,4.8846e+06,inf,inf,inf,inf,8.2505e+04,inf,inf,2.7048e+09,inf,inf,inf,inf,1.8724e+05
transformer.decoder.block.4.layer.2.DenseReluDense.wi.weight,3072x768,1.2715e+09,inf,8.1547e+09,inf,inf,inf,inf,4.9751e+07,1.7944e+04,1.4083e+05,1.5676e+04,9.4575e+04,8.9710e+06,2.7593e+04,7.4422e+04,1.1007e+04
transformer.decoder.block.4.layer.2.DenseReluDense.wo.weight,768x3072,7.4572e+04,1.8725e+21,1.6490e+06,3.3829e+20,2.6111e+94,2.5941e+10,2.3702e+38,1.6222e+04,9.7763e+03,5.8285e+04,1.3122e+03,3.3254e+04,3.0407e+06,8.7477e+03,3.6324e+04,1.8604e+03
transformer.decoder.block.5.layer.0.SelfAttention.q.weight,768x768,5.5292e+10,inf,6.4179e+10,inf,inf,inf,inf,3.8039e+06,inf,inf,inf,inf,inf,inf,inf,6.3535e+04
transformer.decoder.block.5.layer.0.SelfAttention.k.weight,768x768,5.5292e+10,inf,6.4179e+10,inf,inf,inf,inf,3.8039e+06,1.2782e+10,inf,1.0136e+09,inf,inf,inf,inf,6.9503e+04
transformer.decoder.block.5.layer.0.SelfAttention.v.weight,768x768,5.5292e+10,inf,6.4179e+10,inf,inf,inf,inf,3.8039e+06,inf,inf,inf,inf,inf,inf,inf,1.6461e+06
transformer.decoder.block.5.layer.0.SelfAttention.o.weight,768x768,3.8307e+06,inf,4.0567e+07,inf,inf,inf,inf,2.7732e+05,inf,inf,inf,inf,inf,inf,inf,3.3021e+05
transformer.decoder.block.5.layer.1.EncDecAttention.q.weight,768x768,7.9423e+08,inf,1.3457e+08,inf,inf,inf,inf,8.5369e+05,inf,inf,2.3290e+09,inf,inf,inf,inf,3.5915e+04
transformer.decoder.block.5.layer.1.EncDecAttention.k.weight,768x768,1.0629e+05,1.5779e+05,1.2736e+05,1.8435e+05,inf,1.0042e+05,8.6472e+04,5.0467e+04,4.8911e+09,inf,inf,inf,inf,inf,inf,3.2150e+04
transformer.decoder.block.5.layer.1.EncDecAttention.v.weight,768x768,1.0629e+05,1.5779e+05,1.2736e+05,1.8435e+05,inf,1.0042e+05,8.6472e+04,5.0467e+04,inf,inf,8.6081e+09,inf,inf,inf,inf,4.3353e+05
transformer.decoder.block.5.layer.1.EncDecAttention.o.weight,768x768,7.7968e+05,inf,2.3286e+06,inf,inf,inf,inf,3.8674e+04,inf,inf,inf,inf,inf,inf,inf,2.9309e+05
transformer.decoder.block.5.layer.2.DenseReluDense.wi.weight,3072x768,5.5314e+09,inf,2.0299e+10,inf,inf,inf,inf,3.9014e+08,2.4185e+04,2.1539e+05,2.3474e+04,1.4188e+05,5.3141e+06,3.8377e+04,9.7341e+04,2.0470e+04
transformer.decoder.block.5.layer.2.DenseReluDense.wo.weight,768x3072,4.7186e+04,1.6060e+20,2.5121e+05,7.0739e+18,1.4187e+74,4.9436e+09,1.8347e+22,2.1863e+04,9.1501e+03,8.2419e+04,1.6614e+03,3.1660e+04,1.5323e+06,9.2704e+03,4.3896e+04,2.2359e+03
transformer.decoder.block.6.layer.0.SelfAttention.q.weight,768x768,2.4061e+10,inf,2.5707e+09,inf,inf,inf,inf,1.7448e+06,5.1807e+09,inf,4.3529e+09,inf,inf,inf,inf,9.2675e+04
transformer.decoder.block.6.layer.0.SelfAttention.k.weight,768x768,2.4061e+10,inf,2.5707e+09,inf,inf,inf,inf,1.7448e+06,inf,inf,6.3969e+09,inf,inf,inf,inf,6.6935e+04
transformer.decoder.block.6.layer.0.SelfAttention.v.weight,768x768,2.4061e+10,inf,2.5707e+09,inf,inf,inf,inf,1.7448e+06,inf,inf,inf,inf,inf,inf,inf,1.9467e+06
transformer.decoder.block.6.layer.0.SelfAttention.o.weight,768x768,2.3426e+06,inf,3.7767e+08,inf,inf,inf,inf,1.7293e+05,inf,inf,inf,inf,inf,inf,inf,2.0273e+05
transformer.decoder.block.6.layer.1.EncDecAttention.q.weight,768x768,5.5754e+08,inf,6.3871e+08,inf,inf,inf,inf,1.3515e+06,1.7749e+10,inf,inf,inf,inf,inf,inf,3.9149e+04
transformer.decoder.block.6.layer.1.EncDecAttention.k.weight,768x768,1.0629e+05,1.5779e+05,1.2736e+05,1.8435e+05,inf,1.0042e+05,8.6472e+04,5.0467e+04,6.5964e+09,inf,7.7457e+10,inf,inf,inf,inf,1.4228e+04
transformer.decoder.block.6.layer.1.EncDecAttention.v.weight,768x768,1.0629e+05,1.5779e+05,1.2736e+05,1.8435e+05,inf,1.0042e+05,8.6472e+04,5.0467e+04,inf,inf,6.1772e+09,inf,inf,inf,inf,4.9590e+05
transformer.decoder.block.6.layer.1.EncDecAttention.o.weight,768x768,1.4249e+06,inf,2.9851e+06,inf,inf,inf,inf,5.1224e+04,inf,inf,2.8443e+09,inf,inf,inf,inf,4.1735e+05
transformer.decoder.block.6.layer.2.DenseReluDense.wi.weight,3072x768,1.1958e+10,inf,1.3176e+12,inf,inf,inf,inf,9.4529e+08,3.2885e+04,2.9182e+05,4.9599e+04,1.5634e+05,3.7802e+06,6.0813e+04,9.5693e+04,3.3574e+04
transformer.decoder.block.6.layer.2.DenseReluDense.wo.weight,768x3072,5.1265e+04,2.5550e+20,1.9425e+05,1.0407e+17,9.4303e+74,2.6283e+09,9.3196e+20,2.6682e+04,1.1392e+04,1.0523e+05,2.3650e+03,3.4062e+04,1.0004e+06,1.0305e+04,4.8833e+04,2.5399e+03
transformer.decoder.block.7.layer.0.SelfAttention.q.weight,768x768,4.8573e+08,inf,1.9653e+10,inf,inf,inf,inf,1.2465e+07,4.1545e+09,inf,7.8471e+08,inf,inf,inf,inf,5.4198e+04
transformer.decoder.block.7.layer.0.SelfAttention.k.weight,768x768,4.8573e+08,inf,1.9653e+10,inf,inf,inf,inf,1.2465e+07,2.0571e+10,inf,1.9140e+09,inf,inf,inf,inf,7.7599e+04
transformer.decoder.block.7.layer.0.SelfAttention.v.weight,768x768,4.8573e+08,inf,1.9653e+10,inf,inf,inf,inf,1.2465e+07,inf,inf,inf,inf,inf,inf,inf,4.1095e+05
transformer.decoder.block.7.layer.0.SelfAttention.o.weight,768x768,3.3883e+06,inf,2.6883e+08,inf,inf,inf,inf,2.2505e+05,inf,inf,inf,inf,inf,inf,inf,1.8554e+05
transformer.decoder.block.7.layer.1.EncDecAttention.q.weight,768x768,3.2577e+07,inf,2.5520e+07,inf,inf,inf,inf,4.4408e+05,inf,inf,3.1200e+10,inf,inf,inf,inf,2.8929e+04
transformer.decoder.block.7.layer.1.EncDecAttention.k.weight,768x768,1.0629e+05,1.5779e+05,1.2736e+05,1.8435e+05,inf,1.0042e+05,8.6472e+04,5.0467e+04,inf,inf,inf,inf,inf,inf,inf,1.3342e+04
transformer.decoder.block.7.layer.1.EncDecAttention.v.weight,768x768,1.0629e+05,1.5779e+05,1.2736e+05,1.8435e+05,inf,1.0042e+05,8.6472e+04,5.0467e+04,inf,inf,1.7374e+09,inf,inf,inf,inf,8.4122e+05
transformer.decoder.block.7.layer.1.EncDecAttention.o.weight,768x768,1.0805e+06,inf,3.5716e+06,inf,inf,inf,inf,4.9234e+04,inf,inf,4.0279e+09,inf,inf,inf,inf,1.2452e+06
transformer.decoder.block.7.layer.2.DenseReluDense.wi.weight,3072x768,5.6025e+09,inf,8.9966e+10,inf,inf,inf,inf,1.4960e+09,4.7142e+04,2.5357e+05,7.1685e+04,2.0359e+05,2.8355e+06,1.0025e+05,1.7575e+05,4.2576e+04
transformer.decoder.block.7.layer.2.DenseReluDense.wo.weight,768x3072,7.0107e+04,1.0965e+21,3.2823e+05,9.4177e+15,4.3280e+73,3.3576e+09,1.7734e+21,3.0506e+04,1.0518e+04,8.7993e+04,2.5879e+03,4.8574e+04,6.6555e+05,1.1713e+04,5.8028e+04,2.3540e+03
transformer.decoder.block.8.layer.0.SelfAttention.q.weight,768x768,8.1671e+08,inf,3.0435e+09,inf,inf,inf,inf,1.1636e+08,inf,inf,inf,inf,inf,inf,inf,1.0514e+05
transformer.decoder.block.8.layer.0.SelfAttention.k.weight,768x768,8.1671e+08,inf,3.0435e+09,inf,inf,inf,inf,1.1636e+08,inf,inf,3.3152e+09,inf,inf,inf,inf,7.4860e+04
transformer.decoder.block.8.layer.0.SelfAttention.v.weight,768x768,8.1671e+08,inf,3.0435e+09,inf,inf,inf,inf,1.1636e+08,inf,inf,inf,inf,inf,inf,inf,1.4976e+06
transformer.decoder.block.8.layer.0.SelfAttention.o.weight,768x768,9.2126e+05,inf,1.2406e+07,inf,inf,inf,inf,8.7470e+04,7.3091e+09,inf,4.9970e+09,inf,inf,inf,inf,1.0130e+05
transformer.decoder.block.8.layer.1.EncDecAttention.q.weight,768x768,1.5965e+08,inf,3.0426e+07,inf,inf,inf,inf,7.9414e+05,inf,inf,inf,inf,inf,inf,inf,4.5271e+04
transformer.decoder.block.8.layer.1.EncDecAttention.k.weight,768x768,1.0629e+05,1.5779e+05,1.2736e+05,1.8435e+05,inf,1.0042e+05,8.6472e+04,5.0467e+04,2.4408e+10,inf,inf,inf,inf,inf,inf,1.1868e+04
transformer.decoder.block.8.layer.1.EncDecAttention.v.weight,768x768,1.0629e+05,1.5779e+05,1.2736e+05,1.8435e+05,inf,1.0042e+05,8.6472e+04,5.0467e+04,1.0006e+10,inf,inf,inf,inf,inf,inf,5.8140e+05
transformer.decoder.block.8.layer.1.EncDecAttention.o.weight,768x768,1.5016e+06,inf,5.4441e+07,inf,inf,inf,inf,5.1957e+04,4.0616e+09,inf,9.7490e+10,inf,inf,inf,inf,3.6238e+05
transformer.decoder.block.8.layer.2.DenseReluDense.wi.weight,3072x768,6.3023e+09,inf,3.9406e+10,inf,inf,inf,inf,1.4376e+09,3.7368e+04,2.9635e+05,6.6100e+04,2.4394e+05,4.3645e+06,7.3020e+04,2.2625e+05,3.8695e+04
transformer.decoder.block.8.layer.2.DenseReluDense.wo.weight,768x3072,1.1386e+05,9.5809e+23,1.3584e+06,1.2821e+20,8.9779e+85,5.5443e+09,8.7142e+20,6.2470e+04,1.0620e+04,8.8711e+04,2.6826e+03,5.3455e+04,1.0005e+06,9.5917e+03,5.8700e+04,2.2328e+03
transformer.decoder.block.9.layer.0.SelfAttention.q.weight,768x768,2.2890e+09,inf,5.5953e+09,inf,inf,inf,inf,9.2726e+07,inf,inf,5.0924e+09,inf,inf,inf,inf,1.0485e+05
transformer.decoder.block.9.layer.0.SelfAttention.k.weight,768x768,2.2890e+09,inf,5.5953e+09,inf,inf,inf,inf,9.2726e+07,inf,inf,inf,inf,inf,inf,inf,9.7792e+04
transformer.decoder.block.9.layer.0.SelfAttention.v.weight,768x768,2.2890e+09,inf,5.5953e+09,inf,inf,inf,inf,9.2726e+07,inf,inf,inf,inf,inf,inf,inf,3.2576e+05
transformer.decoder.block.9.layer.0.SelfAttention.o.weight,768x768,1.6185e+06,inf,1.3078e+07,inf,inf,inf,inf,1.5961e+05,inf,inf,3.1542e+09,inf,inf,2.1027e+10,inf,8.9839e+04
transformer.decoder.block.9.layer.1.EncDecAttention.q.weight,768x768,2.6332e+07,inf,1.7142e+07,inf,inf,inf,inf,3.3801e+05,inf,inf,1.3173e+10,inf,inf,inf,inf,6.0313e+04
transformer.decoder.block.9.layer.1.EncDecAttention.k.weight,768x768,1.0629e+05,1.5779e+05,1.2736e+05,1.8435e+05,inf,1.0042e+05,8.6472e+04,5.0467e+04,1.3953e+09,inf,inf,inf,inf,inf,inf,1.0419e+04
transformer.decoder.block.9.layer.1.EncDecAttention.v.weight,768x768,1.0629e+05,1.5779e+05,1.2736e+05,1.8435e+05,inf,1.0042e+05,8.6472e+04,5.0467e+04,inf,inf,2.5283e+09,inf,inf,4.1113e+09,inf,4.3141e+05
transformer.decoder.block.9.layer.1.EncDecAttention.o.weight,768x768,7.0484e+05,inf,3.4618e+06,inf,inf,inf,inf,1.8639e+04,inf,inf,2.3737e+09,inf,inf,inf,inf,1.7079e+05
transformer.decoder.block.9.layer.2.DenseReluDense.wi.weight,3072x768,7.6097e+09,inf,3.3193e+10,inf,inf,inf,inf,2.9029e+09,5.6855e+04,3.2480e+05,6.9098e+04,1.7967e+05,3.7052e+06,7.2790e+04,1.6576e+05,3.1150e+04
transformer.decoder.block.9.layer.2.DenseReluDense.wo.weight,768x3072,8.7793e+04,2.3987e+20,1.2228e+06,2.9857e+19,7.3591e+55,1.0781e+10,2.0117e+20,3.6268e+04,8.0463e+03,1.0233e+05,2.8125e+03,4.6315e+04,7.9319e+05,7.9948e+03,4.7436e+04,2.1784e+03
transformer.decoder.block.10.layer.0.SelfAttention.q.weight,768x768,3.7062e+07,inf,1.1145e+08,inf,inf,inf,inf,1.0934e+07,inf,inf,3.1555e+09,inf,inf,inf,inf,1.2395e+05
transformer.decoder.block.10.layer.0.SelfAttention.k.weight,768x768,3.7062e+07,inf,1.1145e+08,inf,inf,inf,inf,1.0934e+07,3.2296e+09,inf,1.9620e+09,inf,inf,inf,inf,1.9382e+05
transformer.decoder.block.10.layer.0.SelfAttention.v.weight,768x768,3.7062e+07,inf,1.1145e+08,inf,inf,inf,inf,1.0934e+07,inf,inf,inf,inf,inf,inf,inf,1.2854e+06
transformer.decoder.block.10.layer.0.SelfAttention.o.weight,768x768,2.7786e+05,inf,7.0557e+06,inf,inf,inf,inf,5.4749e+04,3.2700e+09,inf,inf,inf,inf,inf,inf,9.9632e+04
transformer.decoder.block.10.layer.1.EncDecAttention.q.weight,768x768,1.6210e+09,inf,2.7979e+09,inf,inf,inf,inf,6.3844e+06,inf,inf,inf,inf,inf,inf,inf,7.4669e+04
transformer.decoder.block.10.layer.1.EncDecAttention.k.weight,768x768,1.0629e+05,1.5779e+05,1.2736e+05,1.8435e+05,inf,1.0042e+05,8.6472e+04,5.0467e+04,inf,inf,5.9236e+09,inf,inf,inf,inf,5.5221e+03
transformer.decoder.block.10.layer.1.EncDecAttention.v.weight,768x768,1.0629e+05,1.5779e+05,1.2736e+05,1.8435e+05,inf,1.0042e+05,8.6472e+04,5.0467e+04,inf,inf,6.3809e+09,inf,inf,inf,inf,5.1784e+05
transformer.decoder.block.10.layer.1.EncDecAttention.o.weight,768x768,6.7866e+05,inf,1.5066e+07,inf,inf,inf,inf,2.0641e+04,inf,inf,4.3432e+09,inf,inf,inf,inf,2.5645e+05
transformer.decoder.block.10.layer.2.DenseReluDense.wi.weight,3072x768,1.8107e+09,inf,6.2486e+09,inf,inf,inf,inf,6.8823e+08,5.1876e+04,4.0445e+05,8.5295e+04,2.9365e+05,4.0328e+06,7.3036e+04,3.5970e+05,4.5862e+04
transformer.decoder.block.10.layer.2.DenseReluDense.wo.weight,768x3072,1.2488e+05,5.5161e+23,7.9342e+06,2.6772e+20,1.3943e+88,5.2390e+10,3.8317e+22,2.6291e+04,6.7639e+03,1.2208e+05,1.8139e+03,4.3686e+04,8.5570e+05,7.7979e+03,8.1322e+04,1.8427e+03
transformer.decoder.block.11.layer.0.SelfAttention.q.weight,768x768,1.1222e+09,inf,3.3868e+13,inf,inf,inf,inf,5.8968e+07,inf,inf,3.6085e+09,inf,inf,inf,inf,1.2142e+05
transformer.decoder.block.11.layer.0.SelfAttention.k.weight,768x768,1.1222e+09,inf,3.3868e+13,inf,inf,inf,inf,5.8968e+07,inf,inf,1.5365e+09,inf,inf,inf,inf,7.3297e+04
transformer.decoder.block.11.layer.0.SelfAttention.v.weight,768x768,1.1222e+09,inf,3.3868e+13,inf,inf,inf,inf,5.8968e+07,inf,inf,inf,inf,inf,inf,inf,1.9164e+06
transformer.decoder.block.11.layer.0.SelfAttention.o.weight,768x768,2.7358e+05,inf,4.6979e+06,inf,inf,inf,inf,3.7941e+04,1.5037e+10,inf,inf,inf,inf,inf,inf,9.8415e+04
transformer.decoder.block.11.layer.1.EncDecAttention.q.weight,768x768,6.0170e+08,inf,8.2692e+08,inf,inf,inf,inf,9.9972e+06,7.9337e+09,inf,inf,inf,inf,inf,inf,1.8411e+05
transformer.decoder.block.11.layer.1.EncDecAttention.k.weight,768x768,1.0629e+05,1.5779e+05,1.2736e+05,1.8435e+05,inf,1.0042e+05,8.6472e+04,5.0467e+04,1.0887e+10,inf,1.4927e+09,inf,inf,inf,inf,6.5788e+03
transformer.decoder.block.11.layer.1.EncDecAttention.v.weight,768x768,1.0629e+05,1.5779e+05,1.2736e+05,1.8435e+05,inf,1.0042e+05,8.6472e+04,5.0467e+04,inf,inf,1.1403e+10,inf,inf,inf,inf,5.1719e+05
transformer.decoder.block.11.layer.1.EncDecAttention.o.weight,768x768,8.4475e+05,inf,7.9212e+06,inf,inf,inf,inf,2.0973e+04,inf,inf,inf,inf,inf,inf,inf,2.2160e+05
transformer.decoder.block.11.layer.2.DenseReluDense.wi.weight,3072x768,1.2448e+10,inf,2.3770e+10,inf,inf,inf,inf,2.3530e+09,7.8788e+04,5.1688e+05,9.6986e+04,5.7750e+05,1.4905e+07,1.1791e+05,7.4512e+05,5.9407e+04
transformer.decoder.block.11.layer.2.DenseReluDense.wo.weight,768x3072,4.5736e+05,7.5920e+50,1.0422e+11,4.4408e+38,1.4392e+122,2.6554e+11,2.5398e+51,3.8515e+04,6.3399e+03,1.4994e+05,2.1430e+03,1.3189e+05,1.0962e+07,8.8957e+03,2.5070e+05,1.4089e+03
