subset_id,alpha,task,relres_w
m4_00,0.25,CIFAR100,0.20978052090852062
m4_00,0.25,Flowers102,0.014170520888634052
m4_00,0.25,MNIST,0.2432563811894048
m4_00,0.25,OxfordIIITPet,0.03722237097626552
m4_00,0.5,CIFAR100,0.08259068998936417
m4_00,0.5,Flowers102,0.03638055835295856
m4_00,0.5,MNIST,0.03653865843969529
m4_00,0.5,OxfordIIITPet,0.04660618433799395
m4_00,1.0,CIFAR100,0.05511443532350969
m4_00,1.0,Flowers102,0.06141639596066299
m4_00,1.0,MNIST,0.016708100058099883
m4_00,1.0,OxfordIIITPet,0.06033081354157075
m4_00,2.0,CIFAR100,0.04635371462782709
m4_00,2.0,Flowers102,0.08051493544754118
m4_00,2.0,MNIST,0.011911941818596838
m4_00,2.0,OxfordIIITPet,0.07064904099554917
m4_01,0.25,Food101,0.003067658955579323
m4_01,0.25,MNIST,0.46641548359752666
m4_01,0.25,RESISC45,0.16483829215335657
m4_01,0.25,RenderedSST2,0.25784606986891795
m4_01,0.5,Food101,0.016426593210199843
m4_01,0.5,MNIST,0.0587542684844153
m4_01,0.5,RESISC45,0.07321154569830787
m4_01,0.5,RenderedSST2,0.0625046557387341
m4_01,1.0,Food101,0.0373691646392426
m4_01,1.0,MNIST,0.021388892895895063
m4_01,1.0,RESISC45,0.05403908950038847
m4_01,1.0,RenderedSST2,0.029304163274906918
m4_01,2.0,Food101,0.055563374145886114
m4_01,2.0,MNIST,0.013840415248404687
m4_01,2.0,RESISC45,0.04858755289163607
m4_01,2.0,RenderedSST2,0.02088984436209535
m4_02,0.25,FER2013,0.019068319893657776
m4_02,0.25,KMNIST,0.12727946315872943
m4_02,0.25,RESISC45,0.020519747389488304
m4_02,0.25,RenderedSST2,0.10152439606808118
m4_02,0.5,FER2013,0.028489210041030857
m4_02,0.5,KMNIST,0.05031221860435953
m4_02,0.5,RESISC45,0.030522003812441557
m4_02,0.5,RenderedSST2,0.042109904975657926
m4_02,1.0,FER2013,0.036680168307679756
m4_02,1.0,KMNIST,0.032809861717272334
m4_02,1.0,RESISC45,0.03879807050421721
m4_02,1.0,RenderedSST2,0.027516579209635694
m4_02,2.0,FER2013,0.04212669733871358
m4_02,2.0,KMNIST,0.026886567195110955
m4_02,2.0,RESISC45,0.04413433883422305
m4_02,2.0,RenderedSST2,0.02244815493321145
m4_03,0.25,DTD,0.08765056892179847
m4_03,0.25,EMNIST,0.40940898058447706
m4_03,0.25,Food101,0.00826494667221512
m4_03,0.25,SVHN,0.3809328724157089
m4_03,0.5,DTD,0.06900980434268779
m4_03,0.5,EMNIST,0.06256710596162994
m4_03,0.5,Food101,0.029838913896337887
m4_03,0.5,SVHN,0.07187237697801226
m4_03,1.0,DTD,0.07131707596437359
m4_03,1.0,EMNIST,0.024299170347653647
m4_03,1.0,Food101,0.058646050410001774
m4_03,1.0,SVHN,0.03399137492761194
m4_03,2.0,DTD,0.07593152046808153
m4_03,2.0,EMNIST,0.01640113214325822
m4_03,2.0,Food101,0.08213704601129637
m4_03,2.0,SVHN,0.02485149581233733
m4_04,0.25,EMNIST,0.37926318209533383
m4_04,0.25,Flowers102,0.006627298570096386
m4_04,0.25,STL10,0.049987159091697715
m4_04,0.25,SVHN,0.347992499722712
m4_04,0.5,EMNIST,0.04086221117446173
m4_04,0.5,Flowers102,0.027905879086282635
m4_04,0.5,STL10,0.04739634971370473
m4_04,0.5,SVHN,0.04998458263173099
m4_04,1.0,EMNIST,0.016522852424851794
m4_04,1.0,Flowers102,0.05779924802252324
m4_04,1.0,STL10,0.058739025777772964
m4_04,1.0,SVHN,0.023780126714231475
m4_04,2.0,EMNIST,0.011667949187728772
m4_04,2.0,Flowers102,0.0839016070621142
m4_04,2.0,STL10,0.06962771890588262
m4_04,2.0,SVHN,0.017798068595992138
m4_05,0.25,Cars,0.20586345005292578
m4_05,0.25,DTD,0.09078288649104459
m4_05,0.25,Food101,0.010048054957167207
m4_05,0.25,GTSRB,0.2815669443831969
m4_05,0.5,Cars,0.08317866606994441
m4_05,0.5,DTD,0.06779528688551627
m4_05,0.5,Food101,0.029891686550356057
m4_05,0.5,GTSRB,0.07263400087736202
m4_05,1.0,Cars,0.052442827931455965
m4_05,1.0,DTD,0.06449454983157134
m4_05,1.0,Food101,0.053518223409499424
m4_05,1.0,GTSRB,0.0387058827968772
m4_05,2.0,Cars,0.041744597213067745
m4_05,2.0,DTD,0.0649353277067382
m4_05,2.0,Food101,0.07211697232779954
m4_05,2.0,GTSRB,0.0290326853162519
m4_06,0.25,DTD,0.06807529209081899
m4_06,0.25,KMNIST,0.28916315576014684
m4_06,0.25,RESISC45,0.1225738565911488
m4_06,0.25,STL10,0.012146133564304839
m4_06,0.5,DTD,0.05825667217069479
m4_06,0.5,KMNIST,0.06320535125536926
m4_06,0.5,RESISC45,0.0708298477680879
m4_06,0.5,STL10,0.03367413111808868
m4_06,1.0,DTD,0.05825679690372639
m4_06,1.0,KMNIST,0.030209753618905256
m4_06,1.0,RESISC45,0.05724404721448562
m4_06,1.0,STL10,0.05591588732764668
m4_06,2.0,DTD,0.059475678405754344
m4_06,2.0,KMNIST,0.021435903386754655
m4_06,2.0,RESISC45,0.05264394514636272
m4_06,2.0,STL10,0.07162397827569984
m4_07,0.25,FER2013,0.2496679750788811
m4_07,0.25,GTSRB,0.30850660479821324
m4_07,0.25,OxfordIIITPet,0.004033323443620636
m4_07,0.25,RESISC45,0.19116245576042423
m4_07,0.5,FER2013,0.08092369614555261
m4_07,0.5,GTSRB,0.06376132844018201
m4_07,0.5,OxfordIIITPet,0.022743719895111536
m4_07,0.5,RESISC45,0.07671695893017083
m4_07,1.0,FER2013,0.05057576192747858
m4_07,1.0,GTSRB,0.03581060118299702
m4_07,1.0,OxfordIIITPet,0.049384001306712444
m4_07,1.0,RESISC45,0.05464745186765253
m4_07,2.0,FER2013,0.042001357289177484
m4_07,2.0,GTSRB,0.02807352770674904
m4_07,2.0,OxfordIIITPet,0.07163719557779306
m4_07,2.0,RESISC45,0.048232762385801355
m4_08,0.25,CIFAR100,0.4080263031930904
m4_08,0.25,Flowers102,0.0014744364776548792
m4_08,0.25,PCAM,0.4849767028489454
m4_08,0.25,RenderedSST2,0.35040123154159386
m4_08,0.5,CIFAR100,0.08053408282981676
m4_08,0.5,Flowers102,0.015252683564311226
m4_08,0.5,PCAM,0.0752235030717801
m4_08,0.5,RenderedSST2,0.044050256892445766
m4_08,1.0,CIFAR100,0.04775670653337994
m4_08,1.0,Flowers102,0.041600367177460185
m4_08,1.0,PCAM,0.041338008865804535
m4_08,1.0,RenderedSST2,0.02012792670369791
m4_08,2.0,CIFAR100,0.04004923980913843
m4_08,2.0,Flowers102,0.06815455448676701
m4_08,2.0,PCAM,0.03360572548065209
m4_08,2.0,RenderedSST2,0.014801513847618472
m4_09,0.25,CIFAR10,0.1471022024947782
m4_09,0.25,Cars,0.30493547002117877
m4_09,0.25,MNIST,0.38726849036308936
m4_09,0.25,STL10,0.005667428977945427
m4_09,0.5,CIFAR10,0.07356686720584918
m4_09,0.5,Cars,0.08915790026691857
m4_09,0.5,MNIST,0.051883065814608685
m4_09,0.5,STL10,0.024765322141743505
m4_09,1.0,CIFAR10,0.061603057716590796
m4_09,1.0,Cars,0.051119739035475176
m4_09,1.0,MNIST,0.022264320646432627
m4_09,1.0,STL10,0.051325425440910066
m4_09,2.0,CIFAR10,0.05983344151598289
m4_09,2.0,Cars,0.03974454381956735
m4_09,2.0,MNIST,0.015406440734337057
m4_09,2.0,STL10,0.07408479078654039
m4_10,0.25,CIFAR10,0.016699077293774536
m4_10,0.25,FashionMNIST,0.08998110221227876
m4_10,0.25,GTSRB,0.11521428527024538
m4_10,0.25,RESISC45,0.053583384966074885
m4_10,0.5,CIFAR10,0.03194109003298759
m4_10,0.5,FashionMNIST,0.05550680287688444
m4_10,0.5,GTSRB,0.05433869931208569
m4_10,0.5,RESISC45,0.04779148619431146
m4_10,1.0,CIFAR10,0.04457206932469649
m4_10,1.0,FashionMNIST,0.045078007543447755
m4_10,1.0,GTSRB,0.03778232697356644
m4_10,1.0,RESISC45,0.04663798702898651
m4_10,2.0,CIFAR10,0.052801345636615794
m4_10,2.0,FashionMNIST,0.04108419354162707
m4_10,2.0,GTSRB,0.031681378247363744
m4_10,2.0,RESISC45,0.046502279755222906
m4_11,0.25,Cars,0.06046887258369804
m4_11,0.25,FER2013,0.025349967087229964
m4_11,0.25,FashionMNIST,0.03853494085468128
m4_11,0.25,GTSRB,0.0777923369810418
m4_11,0.5,Cars,0.04627926300233746
m4_11,0.5,FER2013,0.035522195884785994
m4_11,0.5,FashionMNIST,0.04121469174470124
m4_11,0.5,GTSRB,0.04648441056537747
m4_11,1.0,Cars,0.040961236759635825
m4_11,1.0,FER2013,0.042639951419937046
m4_11,1.0,FashionMNIST,0.04346450225591922
m4_11,1.0,GTSRB,0.03624568826217622
m4_11,2.0,Cars,0.038657596867859134
m4_11,2.0,FER2013,0.04685436734594274
m4_11,2.0,FashionMNIST,0.04487529376788377
m4_11,2.0,GTSRB,0.032050674647615775
m8_12,0.25,CIFAR100,0.17646510451317393
m8_12,0.25,Cars,0.32481917262458154
m8_12,0.25,EMNIST,0.4254297846711024
m8_12,0.25,EuroSAT,0.3218683979688905
m8_12,0.25,FashionMNIST,0.3015771474299992
m8_12,0.25,Flowers102,0.02154925794833969
m8_12,0.25,PCAM,0.3505757986939979
m8_12,0.25,STL10,0.04530950101283907
m8_12,0.5,CIFAR100,0.12403886415710023
m8_12,0.5,Cars,0.1336166492731975
m8_12,0.5,EMNIST,0.08173669028352286
m8_12,0.5,EuroSAT,0.13753222572955703
m8_12,0.5,FashionMNIST,0.13234290517698208
m8_12,0.5,Flowers102,0.07122914925062826
m8_12,0.5,PCAM,0.13686664680840988
m8_12,0.5,STL10,0.08484735028476131
m8_12,1.0,CIFAR100,0.12482173141637593
m8_12,1.0,Cars,0.09677207704185065
m8_12,1.0,EMNIST,0.03789486018133116
m8_12,1.0,EuroSAT,0.10345663873696234
m8_12,1.0,FashionMNIST,0.1053583905903423
m8_12,1.0,Flowers102,0.13425518965433844
m8_12,1.0,PCAM,0.10237340736412279
m8_12,1.0,STL10,0.1307328400907437
m8_12,2.0,CIFAR100,0.13062526467032148
m8_12,2.0,Cars,0.08529674212852616
m8_12,2.0,EMNIST,0.027024902017284306
m8_12,2.0,EuroSAT,0.09338087047299508
m8_12,2.0,FashionMNIST,0.09868934498300333
m8_12,2.0,Flowers102,0.18360481743819132
m8_12,2.0,PCAM,0.09267679644086409
m8_12,2.0,STL10,0.16431406438784704
m8_13,0.25,DTD,0.1653913890087948
m8_13,0.25,EuroSAT,0.2894945184778584
m8_13,0.25,Flowers102,0.06503215919702829
m8_13,0.25,Food101,0.08111199119912846
m8_13,0.25,PCAM,0.29207819493242315
m8_13,0.25,RESISC45,0.18920998783592416
m8_13,0.25,STL10,0.11771731757777527
m8_13,0.25,SUN397,0.16478664159733403
m8_13,0.5,DTD,0.1407899625635324
m8_13,0.5,EuroSAT,0.14978184014278562
m8_13,0.5,Flowers102,0.11610179461010317
m8_13,0.5,Food101,0.11674416282092555
m8_13,0.5,PCAM,0.1453278465151005
m8_13,0.5,RESISC45,0.14199814746910666
m8_13,0.5,STL10,0.13116834623368784
m8_13,0.5,SUN397,0.14198445754246755
m8_13,1.0,DTD,0.13479005851901268
m8_13,1.0,EuroSAT,0.10886740786298363
m8_13,1.0,Flowers102,0.1565918869810766
m8_13,1.0,Food101,0.14500567871065465
m8_13,1.0,PCAM,0.10493671404124344
m8_13,1.0,RESISC45,0.1273102101314514
m8_13,1.0,STL10,0.1443783401108875
m8_13,1.0,SUN397,0.13723435067140916
m8_13,2.0,DTD,0.13318076717338606
m8_13,2.0,EuroSAT,0.0935103179447273
m8_13,2.0,Flowers102,0.18185625339120365
m8_13,2.0,Food101,0.16240376441788196
m8_13,2.0,PCAM,0.090041579679874
m8_13,2.0,RESISC45,0.1217187670933274
m8_13,2.0,STL10,0.15279927765193096
m8_13,2.0,SUN397,0.136407340519866
m8_14,0.25,Cars,0.3350676001319234
m8_14,0.25,FER2013,0.2685377318000371
m8_14,0.25,Food101,0.03563600714672362
m8_14,0.25,MNIST,0.4072639005445198
m8_14,0.25,PCAM,0.39227006235754425
m8_14,0.25,STL10,0.06665104979262766
m8_14,0.25,SUN397,0.13418897492688814
m8_14,0.25,SVHN,0.43460060975853343
m8_14,0.5,Cars,0.15571757792312904
m8_14,0.5,FER2013,0.1467639377029508
m8_14,0.5,Food101,0.08121379571781316
m8_14,0.5,MNIST,0.11904450818062041
m8_14,0.5,PCAM,0.16449647814870375
m8_14,0.5,STL10,0.1035223011604239
m8_14,0.5,SUN397,0.12360566512739582
m8_14,0.5,SVHN,0.1263234935727971
m8_14,1.0,Cars,0.11208974875174146
m8_14,1.0,FER2013,0.12239132497409726
m8_14,1.0,Food101,0.13383631833660437
m8_14,1.0,MNIST,0.06320843270689368
m8_14,1.0,PCAM,0.11522220166699579
m8_14,1.0,STL10,0.14456876011502873
m8_14,1.0,SUN397,0.13757319454609737
m8_14,1.0,SVHN,0.06676190460221357
m8_14,2.0,Cars,0.09749928225243948
m8_14,2.0,FER2013,0.11640617865976839
m8_14,2.0,Food101,0.1732374300020304
m8_14,2.0,MNIST,0.04766046432286161
m8_14,2.0,PCAM,0.09997315034763964
m8_14,2.0,STL10,0.1740298561303579
m8_14,2.0,SUN397,0.15070558439042323
m8_14,2.0,SVHN,0.050176249907578796
m8_15,0.25,Cars,0.2982505219667735
m8_15,0.25,DTD,0.16868737431452424
m8_15,0.25,EuroSAT,0.32636228587357924
m8_15,0.25,FashionMNIST,0.36079173014395033
m8_15,0.25,Food101,0.052545709806658916
m8_15,0.25,GTSRB,0.37449010094034857
m8_15,0.25,OxfordIIITPet,0.06432463378754226
m8_15,0.25,SUN397,0.13808418303474917
m8_15,0.5,Cars,0.14517941556964253
m8_15,0.5,DTD,0.13857366240590194
m8_15,0.5,EuroSAT,0.15120406569737482
m8_15,0.5,FashionMNIST,0.15562161695187585
m8_15,0.5,Food101,0.0946858982983649
m8_15,0.5,GTSRB,0.1355105157201339
m8_15,0.5,OxfordIIITPet,0.10493280319696352
m8_15,0.5,SUN397,0.12849511689896842
m8_15,1.0,Cars,0.10304971937966101
m8_15,1.0,DTD,0.1354127560776457
m8_15,1.0,EuroSAT,0.10725959588375958
m8_15,1.0,FashionMNIST,0.1070469444689938
m8_15,1.0,Food101,0.13617623524746483
m8_15,1.0,GTSRB,0.0824995218287264
m8_15,1.0,OxfordIIITPet,0.14371432439853604
m8_15,1.0,SUN397,0.13617063130384466
m8_15,2.0,Cars,0.08760499365617708
m8_15,2.0,DTD,0.13680007449660855
m8_15,2.0,EuroSAT,0.09233623868109068
m8_15,2.0,FashionMNIST,0.09098977634920782
m8_15,2.0,Food101,0.16489630771118088
m8_15,2.0,GTSRB,0.06577870567456581
m8_15,2.0,OxfordIIITPet,0.17022194929469375
m8_15,2.0,SUN397,0.1436835231588874
m8_16,0.25,CIFAR100,0.18148029249896414
m8_16,0.25,Cars,0.3490206586611471
m8_16,0.25,Flowers102,0.019547753029823887
m8_16,0.25,GTSRB,0.4067814084132215
m8_16,0.25,MNIST,0.46893882943986664
m8_16,0.25,RESISC45,0.2535334359564958
m8_16,0.25,RenderedSST2,0.3173675732634935
m8_16,0.25,STL10,0.04143783232226895
m8_16,0.5,CIFAR100,0.11515652965405108
m8_16,0.5,Cars,0.13154886890730788
m8_16,0.5,Flowers102,0.06074232786865097
m8_16,0.5,GTSRB,0.12557531711879852
m8_16,0.5,MNIST,0.0968767731710339
m8_16,0.5,RESISC45,0.1293701049548366
m8_16,0.5,RenderedSST2,0.0955327274058373
m8_16,0.5,STL10,0.07379901035012935
m8_16,1.0,CIFAR100,0.11337907476500667
m8_16,1.0,Cars,0.09236111079859771
m8_16,1.0,Flowers102,0.11675617804534648
m8_16,1.0,GTSRB,0.08029241235152972
m8_16,1.0,MNIST,0.046132337765422776
m8_16,1.0,RESISC45,0.10827355312116614
m8_16,1.0,RenderedSST2,0.05806498149922554
m8_16,1.0,STL10,0.11577093507801388
m8_16,2.0,CIFAR100,0.11876112545747118
m8_16,2.0,Cars,0.0805409051342178
m8_16,2.0,Flowers102,0.16298065154018065
m8_16,2.0,GTSRB,0.06752000674154403
m8_16,2.0,MNIST,0.03368321207058266
m8_16,2.0,RESISC45,0.10394257456511358
m8_16,2.0,RenderedSST2,0.04654088736839216
m8_16,2.0,STL10,0.14813894880086764
m8_17,0.25,CIFAR100,0.16931836415095025
m8_17,0.25,Cars,0.37711498688032996
m8_17,0.25,DTD,0.1347194182481965
m8_17,0.25,EMNIST,0.5303956849445624
m8_17,0.25,Flowers102,0.00892866725652728
m8_17,0.25,MNIST,0.4677818096067225
m8_17,0.25,RESISC45,0.23174254409630762
m8_17,0.25,RenderedSST2,0.34157299915050443
m8_17,0.5,CIFAR100,0.10901705177212277
m8_17,0.5,Cars,0.127142689849487
m8_17,0.5,DTD,0.10580175624055621
m8_17,0.5,EMNIST,0.09914666802578231
m8_17,0.5,Flowers102,0.04888322030063683
m8_17,0.5,MNIST,0.10094059538087126
m8_17,0.5,RESISC45,0.12330213007281626
m8_17,0.5,RenderedSST2,0.10206307836170127
m8_17,1.0,CIFAR100,0.11640357773450909
m8_17,1.0,Cars,0.09675720599259685
m8_17,1.0,DTD,0.12048268262427266
m8_17,1.0,EMNIST,0.047031329019763736
m8_17,1.0,Flowers102,0.11690551843790027
m8_17,1.0,MNIST,0.05858842209348172
m8_17,1.0,RESISC45,0.11418354333342907
m8_17,1.0,RenderedSST2,0.06640772539128446
m8_17,2.0,CIFAR100,0.12721129167789424
m8_17,2.0,Cars,0.08883851294569185
m8_17,2.0,DTD,0.13502009616423302
m8_17,2.0,EMNIST,0.03479221249006351
m8_17,2.0,Flowers102,0.17819986578342834
m8_17,2.0,MNIST,0.04773043665752207
m8_17,2.0,RESISC45,0.11633810559018064
m8_17,2.0,RenderedSST2,0.05545767534047966
m8_18,0.25,FER2013,0.2629554424628898
m8_18,0.25,FashionMNIST,0.3108672068971929
m8_18,0.25,Flowers102,0.05190632643977983
m8_18,0.25,GTSRB,0.3401342823124777
m8_18,0.25,OxfordIIITPet,0.05074534063017069
m8_18,0.25,PCAM,0.3280344974879006
m8_18,0.25,STL10,0.08426883380835494
m8_18,0.25,SUN397,0.18603838345535095
m8_18,0.5,FER2013,0.1392207074383013
m8_18,0.5,FashionMNIST,0.13913402398951938
m8_18,0.5,Flowers102,0.09677019693577016
m8_18,0.5,GTSRB,0.11664693226763953
m8_18,0.5,OxfordIIITPet,0.09395678373856853
m8_18,0.5,PCAM,0.1385699140366345
m8_18,0.5,STL10,0.10954510581717566
m8_18,0.5,SUN397,0.13489500070583807
m8_18,1.0,FER2013,0.10750733246019101
m8_18,1.0,FashionMNIST,0.09971837403559647
m8_18,1.0,Flowers102,0.1398969410853512
m8_18,1.0,GTSRB,0.07172151406578935
m8_18,1.0,OxfordIIITPet,0.13576629683145433
m8_18,1.0,PCAM,0.09655446352647393
m8_18,1.0,STL10,0.13691223393896024
m8_18,1.0,SUN397,0.12499905134924887
m8_18,2.0,FER2013,0.09675133655760625
m8_18,2.0,FashionMNIST,0.08662320791870058
m8_18,2.0,Flowers102,0.16975750756231497
m8_18,2.0,GTSRB,0.05754890327330991
m8_18,2.0,OxfordIIITPet,0.16440980209726697
m8_18,2.0,PCAM,0.08258516368461895
m8_18,2.0,STL10,0.15566420748071863
m8_18,2.0,SUN397,0.12368144806200301
m8_19,0.25,Cars,0.3038798792434453
m8_19,0.25,DTD,0.15017135036859747
m8_19,0.25,EuroSAT,0.29776467737250933
m8_19,0.25,Food101,0.037455664001931656
m8_19,0.25,GTSRB,0.3649982378456479
m8_19,0.25,KMNIST,0.4605563394569196
m8_19,0.25,RESISC45,0.18426436333837204
m8_19,0.25,STL10,0.06049549668764325
m8_19,0.5,Cars,0.14188076277824885
m8_19,0.5,DTD,0.12860851033802154
m8_19,0.5,EuroSAT,0.14967833443685444
m8_19,0.5,Food101,0.081516647026085
m8_19,0.5,GTSRB,0.13085055912502325
m8_19,0.5,KMNIST,0.13466148680248294
m8_19,0.5,RESISC45,0.13369207609238692
m8_19,0.5,STL10,0.09804365304171966
m8_19,1.0,Cars,0.10118411013039436
m8_19,1.0,DTD,0.13117164034848244
m8_19,1.0,EuroSAT,0.11434845278263643
m8_19,1.0,Food101,0.12840588356086366
m8_19,1.0,GTSRB,0.08268587183385369
m8_19,1.0,KMNIST,0.07376827108329391
m8_19,1.0,RESISC45,0.12539543096768438
m8_19,1.0,STL10,0.13662263154700968
m8_19,2.0,Cars,0.08701621924849134
m8_19,2.0,DTD,0.13588902846189826
m8_19,2.0,EuroSAT,0.10295097490567313
m8_19,2.0,Food101,0.1620578300247922
m8_19,2.0,GTSRB,0.06770590314243358
m8_19,2.0,KMNIST,0.05634672409129116
m8_19,2.0,RESISC45,0.12516781951997594
m8_19,2.0,STL10,0.16317729322089702
m8_20,0.25,CIFAR10,0.12702019905559664
m8_20,0.25,DTD,0.11937891135032798
m8_20,0.25,EuroSAT,0.2364928587529935
m8_20,0.25,FER2013,0.18787999960980373
m8_20,0.25,FashionMNIST,0.2163822936495623
m8_20,0.25,Flowers102,0.02188545017727262
m8_20,0.25,KMNIST,0.347913710879287
m8_20,0.25,RESISC45,0.1514342610073877
m8_20,0.5,CIFAR10,0.1157799209279926
m8_20,0.5,DTD,0.11581510981071899
m8_20,0.5,EuroSAT,0.13325363668939944
m8_20,0.5,FER2013,0.1247670548025093
m8_20,0.5,FashionMNIST,0.1257929322372357
m8_20,0.5,Flowers102,0.07695570044192027
m8_20,0.5,KMNIST,0.11843716789104546
m8_20,0.5,RESISC45,0.12022204690877675
m8_20,1.0,CIFAR10,0.12182132440675467
m8_20,1.0,DTD,0.12587081611552084
m8_20,1.0,EuroSAT,0.11046023683493088
m8_20,1.0,FER2013,0.11121624022631008
m8_20,1.0,FashionMNIST,0.10736133701238304
m8_20,1.0,Flowers102,0.13851673243767704
m8_20,1.0,KMNIST,0.07385092217517118
m8_20,1.0,RESISC45,0.11884473585517005
m8_20,2.0,CIFAR10,0.12707878696240177
m8_20,2.0,DTD,0.13358902194047564
m8_20,2.0,EuroSAT,0.102591988196222
m8_20,2.0,FER2013,0.10705188305318694
m8_20,2.0,FashionMNIST,0.10119717665879127
m8_20,2.0,Flowers102,0.18294081172478438
m8_20,2.0,KMNIST,0.05946952079216877
m8_20,2.0,RESISC45,0.12060676306135727
m8_21,0.25,CIFAR100,0.12279534168933218
m8_21,0.25,Cars,0.2980171207672136
m8_21,0.25,DTD,0.11813944352107007
m8_21,0.25,EuroSAT,0.3302931109495927
m8_21,0.25,GTSRB,0.3756866257659591
m8_21,0.25,KMNIST,0.4441800212667291
m8_21,0.25,MNIST,0.4212624501720981
m8_21,0.25,OxfordIIITPet,0.014252510299761694
m8_21,0.5,CIFAR100,0.10406873438737631
m8_21,0.5,Cars,0.13339308466889516
m8_21,0.5,DTD,0.10661122558419828
m8_21,0.5,EuroSAT,0.14103303758952265
m8_21,0.5,GTSRB,0.13367337459867187
m8_21,0.5,KMNIST,0.13198182017178256
m8_21,0.5,MNIST,0.1067433437109988
m8_21,0.5,OxfordIIITPet,0.05694769285816187
m8_21,1.0,CIFAR100,0.11699761459908953
m8_21,1.0,Cars,0.09860599528260233
m8_21,1.0,DTD,0.11992567914225644
m8_21,1.0,EuroSAT,0.10558237500882667
m8_21,1.0,GTSRB,0.08932138502952569
m8_21,1.0,KMNIST,0.08171545098435397
m8_21,1.0,MNIST,0.05770385955445757
m8_21,1.0,OxfordIIITPet,0.11545374609936891
m8_21,2.0,CIFAR100,0.12930896962675228
m8_21,2.0,Cars,0.08763341172652245
m8_21,2.0,DTD,0.1320150652537922
m8_21,2.0,EuroSAT,0.09527327208127828
m8_21,2.0,GTSRB,0.0761923967498367
m8_21,2.0,KMNIST,0.0673995892593394
m8_21,2.0,MNIST,0.04424503123287058
m8_21,2.0,OxfordIIITPet,0.1629513292969343
m8_22,0.25,CIFAR10,0.12795117408957754
m8_22,0.25,CIFAR100,0.12977767623836103
m8_22,0.25,Cars,0.2835047283931359
m8_22,0.25,DTD,0.15556306455939944
m8_22,0.25,FashionMNIST,0.30471186396539657
m8_22,0.25,GTSRB,0.3215759014704816
m8_22,0.25,STL10,0.06014177051191446
m8_22,0.25,SUN397,0.11942520480993217
m8_22,0.5,CIFAR10,0.13301587786660427
m8_22,0.5,CIFAR100,0.13298405105710992
m8_22,0.5,Cars,0.14937710509133145
m8_22,0.5,DTD,0.13980943312769278
m8_22,0.5,FashionMNIST,0.15890101815027685
m8_22,0.5,GTSRB,0.13704942706493195
m8_22,0.5,STL10,0.10992406362891083
m8_22,0.5,SUN397,0.1285361887067892
m8_22,1.0,CIFAR10,0.14303894000322245
m8_22,1.0,CIFAR100,0.1420905793413995
m8_22,1.0,Cars,0.10844799351196624
m8_22,1.0,DTD,0.1384677246246181
m8_22,1.0,FashionMNIST,0.11712539464026189
m8_22,1.0,GTSRB,0.08872376577272806
m8_22,1.0,STL10,0.15009072561401915
m8_22,1.0,SUN397,0.1410003853064675
m8_22,2.0,CIFAR10,0.15034182258940507
m8_22,2.0,CIFAR100,0.14883085061190257
m8_22,2.0,Cars,0.09274774233455804
m8_22,2.0,DTD,0.13948108226521155
m8_22,2.0,FashionMNIST,0.10161674949141315
m8_22,2.0,GTSRB,0.07182921245777411
m8_22,2.0,STL10,0.1753745401897178
m8_22,2.0,SUN397,0.14955652012959644
m8_23,0.25,CIFAR100,0.13855458364757514
m8_23,0.25,Cars,0.30195912851403306
m8_23,0.25,DTD,0.13960073841840873
m8_23,0.25,EuroSAT,0.3219638953826482
m8_23,0.25,MNIST,0.3938222779144027
m8_23,0.25,OxfordIIITPet,0.0318218320859174
m8_23,0.25,SUN397,0.09492326702288677
m8_23,0.25,SVHN,0.40288651999378333
m8_23,0.5,CIFAR100,0.12257359518002918
m8_23,0.5,Cars,0.14736809264279163
m8_23,0.5,DTD,0.12696103359528174
m8_23,0.5,EuroSAT,0.1536206402407733
m8_23,0.5,MNIST,0.11417721863769639
m8_23,0.5,OxfordIIITPet,0.0823821998600373
m8_23,0.5,SUN397,0.10948709175152783
m8_23,0.5,SVHN,0.124666846122215
m8_23,1.0,CIFAR100,0.13162174963926995
m8_23,1.0,Cars,0.1082416032595236
m8_23,1.0,DTD,0.13495032729594386
m8_23,1.0,EuroSAT,0.11514325374071914
m8_23,1.0,MNIST,0.06123786541626263
m8_23,1.0,OxfordIIITPet,0.13743477255611405
m8_23,1.0,SUN397,0.13373459387084877
m8_23,1.0,SVHN,0.06737002746333848
m8_23,2.0,CIFAR100,0.14074944061753814
m8_23,2.0,Cars,0.09464234381124376
m8_23,2.0,DTD,0.14296228959158844
m8_23,2.0,EuroSAT,0.10276282891200265
m8_23,2.0,MNIST,0.046263458698517515
m8_23,2.0,OxfordIIITPet,0.17752253911336188
m8_23,2.0,SUN397,0.15175650610046199
m8_23,2.0,SVHN,0.051070818003160774
m12_24,0.25,CIFAR10,0.18195087756908812
m12_24,0.25,CIFAR100,0.1569751568573296
m12_24,0.25,DTD,0.1718074964062403
m12_24,0.25,EuroSAT,0.33590840257098614
m12_24,0.25,FER2013,0.2577116453008241
m12_24,0.25,FashionMNIST,0.30823271033562466
m12_24,0.25,Flowers102,0.04212983221931036
m12_24,0.25,GTSRB,0.39387507941483585
m12_24,0.25,KMNIST,0.42082180998956936
m12_24,0.25,MNIST,0.39953157177021426
m12_24,0.25,RESISC45,0.21769633221521684
m12_24,0.25,SUN397,0.13087919752936708
m12_24,0.5,CIFAR10,0.1774892879044613
m12_24,0.5,CIFAR100,0.1706496784488433
m12_24,0.5,DTD,0.17342539270747387
m12_24,0.5,EuroSAT,0.20059987153895797
m12_24,0.5,FER2013,0.18521968985969095
m12_24,0.5,FashionMNIST,0.18930210592352315
m12_24,0.5,Flowers102,0.12230427446357882
m12_24,0.5,GTSRB,0.1825597055739312
m12_24,0.5,KMNIST,0.17800281233394502
m12_24,0.5,MNIST,0.13800043054476885
m12_24,0.5,RESISC45,0.18086698152103264
m12_24,0.5,SUN397,0.15956980723729694
m12_24,1.0,CIFAR10,0.1893278634057932
m12_24,1.0,CIFAR100,0.192010450313712
m12_24,1.0,DTD,0.1884107421646058
m12_24,1.0,EuroSAT,0.1648125616900443
m12_24,1.0,FER2013,0.1687551647743226
m12_24,1.0,FashionMNIST,0.16149902136373312
m12_24,1.0,Flowers102,0.2058899573575724
m12_24,1.0,GTSRB,0.12933411100330044
m12_24,1.0,KMNIST,0.12116460867704347
m12_24,1.0,MNIST,0.08179994427871753
m12_24,1.0,RESISC45,0.1790006907789363
m12_24,1.0,SUN397,0.1906587748321204
m12_24,2.0,CIFAR10,0.19866605610162746
m12_24,2.0,CIFAR100,0.2065996575957652
m12_24,2.0,DTD,0.19955739564773792
m12_24,2.0,EuroSAT,0.15211410605876094
m12_24,2.0,FER2013,0.16404003388091387
m12_24,2.0,FashionMNIST,0.1523616836178615
m12_24,2.0,Flowers102,0.26502100921219085
m12_24,2.0,GTSRB,0.11064088018558454
m12_24,2.0,KMNIST,0.10185824626035556
m12_24,2.0,MNIST,0.06384244844427214
m12_24,2.0,RESISC45,0.1815372751438748
m12_24,2.0,SUN397,0.21124889042448403
m12_25,0.25,CIFAR10,0.17329139397909768
m12_25,0.25,CIFAR100,0.1643186928314966
m12_25,0.25,Cars,0.35288548272291376
m12_25,0.25,DTD,0.18927411866690413
m12_25,0.25,EMNIST,0.47021618870017867
m12_25,0.25,EuroSAT,0.38056041962076653
m12_25,0.25,FER2013,0.27522995635356307
m12_25,0.25,FashionMNIST,0.33222959887703896
m12_25,0.25,Flowers102,0.04464485917994924
m12_25,0.25,GTSRB,0.41438354896695356
m12_25,0.25,OxfordIIITPet,0.058414223705963025
m12_25,0.25,RenderedSST2,0.32513182311450745
m12_25,0.5,CIFAR10,0.16686182057301308
m12_25,0.5,CIFAR100,0.16247082566416438
m12_25,0.5,Cars,0.1793833952446714
m12_25,0.5,DTD,0.16805025920655617
m12_25,0.5,EMNIST,0.12806140417267864
m12_25,0.5,EuroSAT,0.1913079760094064
m12_25,0.5,FER2013,0.18117825350365888
m12_25,0.5,FashionMNIST,0.1838519169279669
m12_25,0.5,Flowers102,0.11581551766370099
m12_25,0.5,GTSRB,0.17649500403881446
m12_25,0.5,OxfordIIITPet,0.12220178509358601
m12_25,0.5,RenderedSST2,0.1355786112962426
m12_25,1.0,CIFAR10,0.18507096220565564
m12_25,1.0,CIFAR100,0.18410320960028873
m12_25,1.0,Cars,0.13885097951938621
m12_25,1.0,DTD,0.17992793010352257
m12_25,1.0,EMNIST,0.06344157996532353
m12_25,1.0,EuroSAT,0.1482915091028741
m12_25,1.0,FER2013,0.16465540063891027
m12_25,1.0,FashionMNIST,0.15588197904488643
m12_25,1.0,Flowers102,0.19700299902271418
m12_25,1.0,GTSRB,0.12355530802345452
m12_25,1.0,OxfordIIITPet,0.19182336707280512
m12_25,1.0,RenderedSST2,0.09277010943549087
m12_25,2.0,CIFAR10,0.20002510016052444
m12_25,2.0,CIFAR100,0.2011636222302165
m12_25,2.0,Cars,0.1252999189576311
m12_25,2.0,DTD,0.19117007947756928
m12_25,2.0,EMNIST,0.0458353587250991
m12_25,2.0,EuroSAT,0.13444384147762747
m12_25,2.0,FER2013,0.16196837614310985
m12_25,2.0,FashionMNIST,0.1487207715628547
m12_25,2.0,Flowers102,0.25715984659969954
m12_25,2.0,GTSRB,0.1065989329503773
m12_25,2.0,OxfordIIITPet,0.24163259445031435
m12_25,2.0,RenderedSST2,0.07747949412110842
m12_26,0.25,CIFAR100,0.15960674362921254
m12_26,0.25,Cars,0.39682882985297907
m12_26,0.25,DTD,0.14367582221485045
m12_26,0.25,EMNIST,0.5877077397132647
m12_26,0.25,EuroSAT,0.4406874549851925
m12_26,0.25,FashionMNIST,0.35836799128362706
m12_26,0.25,Food101,0.014498836697401369
m12_26,0.25,KMNIST,0.52102442368591
m12_26,0.25,MNIST,0.4891845421240304
m12_26,0.25,PCAM,0.483276583276253
m12_26,0.25,RenderedSST2,0.3830294986785871
m12_26,0.25,SVHN,0.5733227570980399
m12_26,0.5,CIFAR100,0.14534809881518113
m12_26,0.5,Cars,0.1864849701109388
m12_26,0.5,DTD,0.14467927714359588
m12_26,0.5,EMNIST,0.16672319476286818
m12_26,0.5,EuroSAT,0.20338534291078925
m12_26,0.5,FashionMNIST,0.18225079827646862
m12_26,0.5,Food101,0.07039831311917669
m12_26,0.5,KMNIST,0.19108502107190198
m12_26,0.5,MNIST,0.16595587084765473
m12_26,0.5,PCAM,0.20928813401771085
m12_26,0.5,RenderedSST2,0.15519281975002644
m12_26,0.5,SVHN,0.1863229166018472
m12_26,1.0,CIFAR100,0.17568893252099588
m12_26,1.0,Cars,0.14835205139710655
m12_26,1.0,DTD,0.18036339765313142
m12_26,1.0,EMNIST,0.08529023923590966
m12_26,1.0,EuroSAT,0.15954509666014896
m12_26,1.0,FashionMNIST,0.16146397293704978
m12_26,1.0,Food101,0.16157154737449725
m12_26,1.0,KMNIST,0.1329263280492492
m12_26,1.0,MNIST,0.10298348023320458
m12_26,1.0,PCAM,0.1602195051679767
m12_26,1.0,RenderedSST2,0.10725817363607076
m12_26,1.0,SVHN,0.10595439886770862
m12_26,2.0,CIFAR100,0.2024793002012034
m12_26,2.0,Cars,0.13883355714658566
m12_26,2.0,DTD,0.21043849092130146
m12_26,2.0,EMNIST,0.06387462085679341
m12_26,2.0,EuroSAT,0.14932449392022665
m12_26,2.0,FashionMNIST,0.16152591841040326
m12_26,2.0,Food101,0.24065715539256213
m12_26,2.0,KMNIST,0.11742720398021332
m12_26,2.0,MNIST,0.0845053573602415
m12_26,2.0,PCAM,0.14900080226123588
m12_26,2.0,RenderedSST2,0.09167781530781217
m12_26,2.0,SVHN,0.08399858780586171
m12_27,0.25,CIFAR10,0.21114597055378634
m12_27,0.25,CIFAR100,0.19651976517757677
m12_27,0.25,Cars,0.368443357855454
m12_27,0.25,EMNIST,0.4351726689036789
m12_27,0.25,EuroSAT,0.39615116739824213
m12_27,0.25,FER2013,0.3013464661484363
m12_27,0.25,FashionMNIST,0.35109050731896163
m12_27,0.25,Flowers102,0.07586476093971513
m12_27,0.25,Food101,0.08779540093318412
m12_27,0.25,GTSRB,0.41021875631795246
m12_27,0.25,STL10,0.1296887680704515
m12_27,0.25,SUN397,0.18354435361188434
m12_27,0.5,CIFAR10,0.19312532431903623
m12_27,0.5,CIFAR100,0.19028821616362585
m12_27,0.5,Cars,0.1971837968561364
m12_27,0.5,EMNIST,0.1289308821846168
m12_27,0.5,EuroSAT,0.2086023992824426
m12_27,0.5,FER2013,0.20053172848193265
m12_27,0.5,FashionMNIST,0.20195228225473238
m12_27,0.5,Flowers102,0.15172001798089957
m12_27,0.5,Food101,0.15064709155365488
m12_27,0.5,GTSRB,0.18718161801415714
m12_27,0.5,STL10,0.17389620386164356
m12_27,0.5,SUN397,0.1839938769132123
m12_27,1.0,CIFAR10,0.200623250465988
m12_27,1.0,CIFAR100,0.20377071413183145
m12_27,1.0,Cars,0.14995617701409944
m12_27,1.0,EMNIST,0.06447840152256658
m12_27,1.0,EuroSAT,0.15805445888137418
m12_27,1.0,FER2013,0.17551413112750217
m12_27,1.0,FashionMNIST,0.16595728889388797
m12_27,1.0,Flowers102,0.2247987553415347
m12_27,1.0,Food101,0.21108164360029752
m12_27,1.0,GTSRB,0.12978470465065003
m12_27,1.0,STL10,0.216228101473811
m12_27,1.0,SUN397,0.20196291968273705
m12_27,2.0,CIFAR10,0.20854977734348748
m12_27,2.0,CIFAR100,0.21479227808947982
m12_27,2.0,Cars,0.13292123973542808
m12_27,2.0,EMNIST,0.0463095671178086
m12_27,2.0,EuroSAT,0.1404605080451807
m12_27,2.0,FER2013,0.16761023475358697
m12_27,2.0,FashionMNIST,0.1543205686990837
m12_27,2.0,Flowers102,0.27464681990527
m12_27,2.0,Food101,0.2516517293625399
m12_27,2.0,GTSRB,0.1099811100260042
m12_27,2.0,STL10,0.24403562265186074
m12_27,2.0,SUN397,0.21580892592948267
m12_28,0.25,CIFAR10,0.22299218369491258
m12_28,0.25,Cars,0.3771638773638273
m12_28,0.25,EMNIST,0.47119057865129305
m12_28,0.25,FER2013,0.3101061285495029
m12_28,0.25,Flowers102,0.07470310175619681
m12_28,0.25,Food101,0.0809088300833039
m12_28,0.25,GTSRB,0.44616140383804764
m12_28,0.25,KMNIST,0.4562822144769572
m12_28,0.25,OxfordIIITPet,0.08354344191791331
m12_28,0.25,RESISC45,0.31862016178672614
m12_28,0.25,RenderedSST2,0.33746534197459616
m12_28,0.25,SUN397,0.16491948183617186
m12_28,0.5,CIFAR10,0.18246323747442036
m12_28,0.5,Cars,0.19315480607221405
m12_28,0.5,EMNIST,0.14032360711646366
m12_28,0.5,FER2013,0.19345490359406137
m12_28,0.5,Flowers102,0.14236709990003518
m12_28,0.5,Food101,0.1373749507410593
m12_28,0.5,GTSRB,0.18957841830039915
m12_28,0.5,KMNIST,0.182038134179981
m12_28,0.5,OxfordIIITPet,0.14293995205196
m12_28,0.5,RESISC45,0.20316486048843402
m12_28,0.5,RenderedSST2,0.14285441900261983
m12_28,0.5,SUN397,0.1688170675074065
m12_28,1.0,CIFAR10,0.1876053268685455
m12_28,1.0,Cars,0.14812962143901642
m12_28,1.0,EMNIST,0.07195023096960806
m12_28,1.0,FER2013,0.17123617845736647
m12_28,1.0,Flowers102,0.2147869585320707
m12_28,1.0,Food101,0.20118532251687588
m12_28,1.0,GTSRB,0.13018970995456186
m12_28,1.0,KMNIST,0.12434463204792728
m12_28,1.0,OxfordIIITPet,0.2076477472867418
m12_28,1.0,RESISC45,0.17936683434872402
m12_28,1.0,RenderedSST2,0.0976700462456172
m12_28,1.0,SUN397,0.1957529245946184
m12_28,2.0,CIFAR10,0.1962306848154675
m12_28,2.0,Cars,0.13325376205640838
m12_28,2.0,EMNIST,0.052798454250769726
m12_28,2.0,FER2013,0.16675527289143363
m12_28,2.0,Flowers102,0.26720003942338744
m12_28,2.0,Food101,0.24728460424241006
m12_28,2.0,GTSRB,0.1111773302122055
m12_28,2.0,KMNIST,0.10651973190043906
m12_28,2.0,OxfordIIITPet,0.25389578469749596
m12_28,2.0,RESISC45,0.1741696365832219
m12_28,2.0,RenderedSST2,0.08162429368506287
m12_28,2.0,SUN397,0.21704452766722368
m12_29,0.25,CIFAR100,0.21288079644449032
m12_29,0.25,Cars,0.3971020699601897
m12_29,0.25,DTD,0.20201839643139446
m12_29,0.25,EMNIST,0.5131570266520696
m12_29,0.25,EuroSAT,0.4352481419819187
m12_29,0.25,FashionMNIST,0.39055440984970435
m12_29,0.25,Flowers102,0.051932120970419327
m12_29,0.25,Food101,0.061509645952055686
m12_29,0.25,GTSRB,0.473946041340316
m12_29,0.25,MNIST,0.47245737381502473
m12_29,0.25,PCAM,0.49085388722371986
m12_29,0.25,SUN397,0.15927496911568617
m12_29,0.5,CIFAR100,0.1795229241169806
m12_29,0.5,Cars,0.19314590529463457
m12_29,0.5,DTD,0.17991279863009518
m12_29,0.5,EMNIST,0.14474031143452717
m12_29,0.5,EuroSAT,0.2101751453404948
m12_29,0.5,FashionMNIST,0.1980563123486034
m12_29,0.5,Flowers102,0.12477912664300404
m12_29,0.5,Food101,0.1231224908016818
m12_29,0.5,GTSRB,0.19651333400019355
m12_29,0.5,MNIST,0.15224869671877947
m12_29,0.5,PCAM,0.21416793178190632
m12_29,0.5,SUN397,0.16465266293302822
m12_29,1.0,CIFAR100,0.19017211636224518
m12_29,1.0,Cars,0.1472457610925145
m12_29,1.0,DTD,0.19391537381607957
m12_29,1.0,EMNIST,0.07284129994751427
m12_29,1.0,EuroSAT,0.15780422622053708
m12_29,1.0,FashionMNIST,0.16137400380471584
m12_29,1.0,Flowers102,0.20973734754184725
m12_29,1.0,Food101,0.19561731801732463
m12_29,1.0,GTSRB,0.1346108253577609
m12_29,1.0,MNIST,0.08935695953310661
m12_29,1.0,PCAM,0.15722118246381814
m12_29,1.0,SUN397,0.19399607994198456
m12_29,2.0,CIFAR100,0.20205562010875605
m12_29,2.0,Cars,0.13244410564468395
m12_29,2.0,DTD,0.20737464791870414
m12_29,2.0,EMNIST,0.05362867974863354
m12_29,2.0,EuroSAT,0.14171201710888637
m12_29,2.0,FashionMNIST,0.1517601844255283
m12_29,2.0,Flowers102,0.2732947566286601
m12_29,2.0,Food101,0.24859219872468602
m12_29,2.0,GTSRB,0.1149196231483038
m12_29,2.0,MNIST,0.07112064762540221
m12_29,2.0,PCAM,0.14046272268342863
m12_29,2.0,SUN397,0.2169346669714503
m12_30,0.25,CIFAR10,0.21450830260915563
m12_30,0.25,CIFAR100,0.1738999168848852
m12_30,0.25,DTD,0.193062711191302
m12_30,0.25,EMNIST,0.5266961609308638
m12_30,0.25,FER2013,0.2938515729476836
m12_30,0.25,Food101,0.035921975946643044
m12_30,0.25,GTSRB,0.46027656759348384
m12_30,0.25,KMNIST,0.48964322291509466
m12_30,0.25,MNIST,0.4459694203776532
m12_30,0.25,RenderedSST2,0.35980558541225527
m12_30,0.25,SUN397,0.13485936605819382
m12_30,0.25,SVHN,0.520311087059462
m12_30,0.5,CIFAR10,0.18862395099650492
m12_30,0.5,CIFAR100,0.17513175138052997
m12_30,0.5,DTD,0.18038121912618657
m12_30,0.5,EMNIST,0.17242029952419616
m12_30,0.5,FER2013,0.19506288147599268
m12_30,0.5,Food101,0.10600339139233031
m12_30,0.5,GTSRB,0.2128679459743144
m12_30,0.5,KMNIST,0.20454040008785276
m12_30,0.5,MNIST,0.17603580838144717
m12_30,0.5,RenderedSST2,0.1606993245621149
m12_30,0.5,SUN397,0.15687996689303485
m12_30,0.5,SVHN,0.19534798494989955
m12_30,1.0,CIFAR10,0.2023949846913256
m12_30,1.0,CIFAR100,0.20255399007233912
m12_30,1.0,DTD,0.2009600843979824
m12_30,1.0,EMNIST,0.09056213460912284
m12_30,1.0,FER2013,0.18288097855178537
m12_30,1.0,Food101,0.19351471906508913
m12_30,1.0,GTSRB,0.15276863410771954
m12_30,1.0,KMNIST,0.14259841490080302
m12_30,1.0,MNIST,0.1112011906293856
m12_30,1.0,RenderedSST2,0.1135577948228544
m12_30,1.0,SUN397,0.19899866143428355
m12_30,1.0,SVHN,0.11502732708384653
m12_30,2.0,CIFAR10,0.2172462179045541
m12_30,2.0,CIFAR100,0.22516751313137434
m12_30,2.0,DTD,0.2199723646281367
m12_30,2.0,EMNIST,0.06740609911477623
m12_30,2.0,FER2013,0.18444616940802508
m12_30,2.0,Food101,0.26163178832348527
m12_30,2.0,GTSRB,0.13363326754801946
m12_30,2.0,KMNIST,0.1238206298473557
m12_30,2.0,MNIST,0.09055697835864299
m12_30,2.0,RenderedSST2,0.09701434113741926
m12_30,2.0,SUN397,0.2320948178935972
m12_30,2.0,SVHN,0.09096413452555283
m12_31,0.25,CIFAR10,0.1901330759003824
m12_31,0.25,EuroSAT,0.3529549916315261
m12_31,0.25,FER2013,0.2661954147547074
m12_31,0.25,FashionMNIST,0.32308448517072424
m12_31,0.25,Food101,0.03250988662839489
m12_31,0.25,GTSRB,0.40851849772105053
m12_31,0.25,KMNIST,0.4636560122402846
m12_31,0.25,MNIST,0.42045588690272107
m12_31,0.25,PCAM,0.40345061966734497
m12_31,0.25,RESISC45,0.223110368978423
m12_31,0.25,STL10,0.08050075826799745
m12_31,0.25,SVHN,0.4618968361430727
m12_31,0.5,CIFAR10,0.16705172099146978
m12_31,0.5,EuroSAT,0.19659702932754194
m12_31,0.5,FER2013,0.17662003818251118
m12_31,0.5,FashionMNIST,0.1838809375858388
m12_31,0.5,Food101,0.09762862644231965
m12_31,0.5,GTSRB,0.18243061503745422
m12_31,0.5,KMNIST,0.18180778286294927
m12_31,0.5,MNIST,0.15083278668201147
m12_31,0.5,PCAM,0.19546280951705955
m12_31,0.5,RESISC45,0.17223554822368897
m12_31,0.5,STL10,0.1339954566673016
m12_31,0.5,SVHN,0.16357178090846314
m12_31,1.0,CIFAR10,0.18054120775369648
m12_31,1.0,EuroSAT,0.16250828642373152
m12_31,1.0,FER2013,0.164451780685897
m12_31,1.0,FashionMNIST,0.15840346801742552
m12_31,1.0,Food101,0.17677319563415003
m12_31,1.0,GTSRB,0.13032498329817177
m12_31,1.0,KMNIST,0.12267911134047617
m12_31,1.0,MNIST,0.09042378183668755
m12_31,1.0,PCAM,0.15202020796068288
m12_31,1.0,RESISC45,0.17300393683374438
m12_31,1.0,STL10,0.1928815312054123
m12_31,1.0,SVHN,0.09645566761688232
m12_31,2.0,CIFAR10,0.19379233126687093
m12_31,2.0,EuroSAT,0.15306132538616463
m12_31,2.0,FER2013,0.1643073462089283
m12_31,2.0,FashionMNIST,0.1526118788676201
m12_31,2.0,Food101,0.23664383682901205
m12_31,2.0,GTSRB,0.11359120972478425
m12_31,2.0,KMNIST,0.10428002775137482
m12_31,2.0,MNIST,0.07170397553427384
m12_31,2.0,PCAM,0.1392941189812353
m12_31,2.0,RESISC45,0.1797139717865392
m12_31,2.0,STL10,0.23460440175581473
m12_31,2.0,SVHN,0.07631199244126152
m12_32,0.25,CIFAR100,0.20160678673885246
m12_32,0.25,Cars,0.3732590433361772
m12_32,0.25,EMNIST,0.4541926489535748
m12_32,0.25,EuroSAT,0.39536400369145897
m12_32,0.25,FashionMNIST,0.3503111636369063
m12_32,0.25,Flowers102,0.05246429797077925
m12_32,0.25,GTSRB,0.4300554889447661
m12_32,0.25,KMNIST,0.44563922800081196
m12_32,0.25,OxfordIIITPet,0.07271916171907061
m12_32,0.25,PCAM,0.43422622214711754
m12_32,0.25,STL10,0.10301843473522841
m12_32,0.25,SUN397,0.15988426895953445
m12_32,0.5,CIFAR100,0.17539067005841172
m12_32,0.5,Cars,0.18600699464736203
m12_32,0.5,EMNIST,0.1305963512336134
m12_32,0.5,EuroSAT,0.19663495796485914
m12_32,0.5,FashionMNIST,0.188566061283222
m12_32,0.5,Flowers102,0.12499871326026937
m12_32,0.5,GTSRB,0.18104304036887808
m12_32,0.5,KMNIST,0.17575276500082807
m12_32,0.5,OxfordIIITPet,0.13523389752127232
m12_32,0.5,PCAM,0.19568617498544388
m12_32,0.5,STL10,0.15140258717068467
m12_32,0.5,SUN397,0.1630096473065519
m12_32,1.0,CIFAR100,0.18698896758367767
m12_32,1.0,Cars,0.14277409955594123
m12_32,1.0,EMNIST,0.06717863139095068
m12_32,1.0,EuroSAT,0.15092237613506373
m12_32,1.0,FashionMNIST,0.15744835848545555
m12_32,1.0,Flowers102,0.20526565296555246
m12_32,1.0,GTSRB,0.12487734770397906
m12_32,1.0,KMNIST,0.11987315982194147
m12_32,1.0,OxfordIIITPet,0.20240221778744005
m12_32,1.0,PCAM,0.147693966084203
m12_32,1.0,STL10,0.20419646484810336
m12_32,1.0,SUN397,0.18871594862036545
m12_32,2.0,CIFAR100,0.19897143731168862
m12_32,2.0,Cars,0.12874415528378838
m12_32,2.0,EMNIST,0.049707644573515335
m12_32,2.0,EuroSAT,0.1367879060366663
m12_32,2.0,FashionMNIST,0.14933368097878036
m12_32,2.0,Flowers102,0.26386874954590045
m12_32,2.0,GTSRB,0.10698417655141539
m12_32,2.0,KMNIST,0.10254907085710065
m12_32,2.0,OxfordIIITPet,0.24973524478661158
m12_32,2.0,PCAM,0.1335726901140198
m12_32,2.0,STL10,0.24090762760552423
m12_32,2.0,SUN397,0.20879649109288284
m12_33,0.25,CIFAR10,0.2125840040117513
m12_33,0.25,CIFAR100,0.19541437374992982
m12_33,0.25,DTD,0.21389780418688364
m12_33,0.25,EMNIST,0.3881986264860126
m12_33,0.25,FER2013,0.29289876702314616
m12_33,0.25,FashionMNIST,0.32855736577788835
m12_33,0.25,Flowers102,0.07704632596454287
m12_33,0.25,GTSRB,0.381798725351113
m12_33,0.25,OxfordIIITPet,0.09020001151365156
m12_33,0.25,RESISC45,0.2846543545146885
m12_33,0.25,STL10,0.137842921291816
m12_33,0.25,SUN397,0.18044741305130066
m12_33,0.5,CIFAR10,0.19341967680127595
m12_33,0.5,CIFAR100,0.1889025561782426
m12_33,0.5,DTD,0.19103384599184503
m12_33,0.5,EMNIST,0.11912488822201286
m12_33,0.5,FER2013,0.19803127294667935
m12_33,0.5,FashionMNIST,0.19600754579973625
m12_33,0.5,Flowers102,0.1526414712210889
m12_33,0.5,GTSRB,0.1789810556515052
m12_33,0.5,OxfordIIITPet,0.1580223698187248
m12_33,0.5,RESISC45,0.20087765066896568
m12_33,0.5,STL10,0.17908281927214817
m12_33,0.5,SUN397,0.18403151888632782
m12_33,1.0,CIFAR10,0.19693770718881007
m12_33,1.0,CIFAR100,0.19881861381713872
m12_33,1.0,DTD,0.19263510754260882
m12_33,1.0,EMNIST,0.06102814728943349
m12_33,1.0,FER2013,0.171668270891577
m12_33,1.0,FashionMNIST,0.16187351900810337
m12_33,1.0,Flowers102,0.22089867511449016
m12_33,1.0,GTSRB,0.12459290748136295
m12_33,1.0,OxfordIIITPet,0.21681278472337373
m12_33,1.0,RESISC45,0.1779442259229199
m12_33,1.0,STL10,0.21587335558303117
m12_33,1.0,SUN397,0.1994171494734656
m12_33,2.0,CIFAR10,0.20182899550852307
m12_33,2.0,CIFAR100,0.20707183387523614
m12_33,2.0,DTD,0.19616159950540002
m12_33,2.0,EMNIST,0.044134683688462614
m12_33,2.0,FER2013,0.16238478951479166
m12_33,2.0,FashionMNIST,0.1499611317395883
m12_33,2.0,Flowers102,0.2662162250221043
m12_33,2.0,GTSRB,0.10524445249494235
m12_33,2.0,OxfordIIITPet,0.25464939036170187
m12_33,2.0,RESISC45,0.17007935744936678
m12_33,2.0,STL10,0.23934367613299457
m12_33,2.0,SUN397,0.21073463366241638
m12_34,0.25,CIFAR10,0.2023462468592225
m12_34,0.25,CIFAR100,0.19755824362379382
m12_34,0.25,Cars,0.35155011808636744
m12_34,0.25,DTD,0.20116904477739508
m12_34,0.25,EMNIST,0.3994072899011473
m12_34,0.25,EuroSAT,0.37292984289426273
m12_34,0.25,Flowers102,0.05909735151761833
m12_34,0.25,KMNIST,0.4102035221550708
m12_34,0.25,MNIST,0.3662821573050679
m12_34,0.25,OxfordIIITPet,0.07400541842451755
m12_34,0.25,RESISC45,0.24292355309677868
m12_34,0.25,STL10,0.11177985990604665
m12_34,0.5,CIFAR10,0.18126110227748318
m12_34,0.5,CIFAR100,0.17954570862711466
m12_34,0.5,Cars,0.18194499397132582
m12_34,0.5,DTD,0.17773665244057915
m12_34,0.5,EMNIST,0.12555954799968713
m12_34,0.5,EuroSAT,0.20335696472390016
m12_34,0.5,Flowers102,0.13252971771831157
m12_34,0.5,KMNIST,0.16980844691563565
m12_34,0.5,MNIST,0.12989741145745515
m12_34,0.5,OxfordIIITPet,0.13863160515382913
m12_34,0.5,RESISC45,0.18308284763874044
m12_34,0.5,STL10,0.15836464055822233
m12_34,1.0,CIFAR10,0.19128196838677786
m12_34,1.0,CIFAR100,0.19122237434246625
m12_34,1.0,Cars,0.14069583232026475
m12_34,1.0,DTD,0.18605801503169214
m12_34,1.0,EMNIST,0.06868585649853695
m12_34,1.0,EuroSAT,0.16090981978867436
m12_34,1.0,Flowers102,0.20948936904634846
m12_34,1.0,KMNIST,0.11931511532465197
m12_34,1.0,MNIST,0.08262644481456137
m12_34,1.0,OxfordIIITPet,0.2049410337212069
m12_34,1.0,RESISC45,0.1761347487445017
m12_34,1.0,STL10,0.20710081085879037
m12_34,2.0,CIFAR10,0.2015078046747704
m12_34,2.0,CIFAR100,0.20263597179458226
m12_34,2.0,Cars,0.1271210123950915
m12_34,2.0,DTD,0.19541923839023428
m12_34,2.0,EMNIST,0.052358491664226015
m12_34,2.0,EuroSAT,0.14708811675892366
m12_34,2.0,Flowers102,0.264814347451196
m12_34,2.0,KMNIST,0.10318367646895134
m12_34,2.0,MNIST,0.0676040466046813
m12_34,2.0,OxfordIIITPet,0.25138239734900436
m12_34,2.0,RESISC45,0.1778445750450592
m12_34,2.0,STL10,0.24067815567320935
m12_35,0.25,CIFAR10,0.21224724437928028
m12_35,0.25,CIFAR100,0.2035329272505538
m12_35,0.25,Cars,0.37445621355825537
m12_35,0.25,DTD,0.21726639343366436
m12_35,0.25,FER2013,0.29066737940747234
m12_35,0.25,FashionMNIST,0.34663073418526275
m12_35,0.25,Flowers102,0.06503500827299566
m12_35,0.25,Food101,0.07848480492980196
m12_35,0.25,KMNIST,0.4442959127958267
m12_35,0.25,MNIST,0.3868006400500956
m12_35,0.25,STL10,0.12395895503753615
m12_35,0.25,SVHN,0.4332906126678778
m12_35,0.5,CIFAR10,0.18996551276474036
m12_35,0.5,CIFAR100,0.18789466705092706
m12_35,0.5,Cars,0.19284024912130063
m12_35,0.5,DTD,0.18833946141359484
m12_35,0.5,FER2013,0.19454079676279096
m12_35,0.5,FashionMNIST,0.19910581185156692
m12_35,0.5,Flowers102,0.14112088574196818
m12_35,0.5,Food101,0.14055266927833887
m12_35,0.5,KMNIST,0.18298415940058252
m12_35,0.5,MNIST,0.14491590755942013
m12_35,0.5,STL10,0.16711272574691793
m12_35,0.5,SVHN,0.15856261374201036
m12_35,1.0,CIFAR10,0.19801348653178832
m12_35,1.0,CIFAR100,0.1997937266125192
m12_35,1.0,Cars,0.14675332917508055
m12_35,1.0,DTD,0.1941347903562737
m12_35,1.0,FER2013,0.1741013724893729
m12_35,1.0,FashionMNIST,0.16640846542202342
m12_35,1.0,Flowers102,0.2196280974383335
m12_35,1.0,Food101,0.20499033550685752
m12_35,1.0,KMNIST,0.1239984450519033
m12_35,1.0,MNIST,0.08938834783186074
m12_35,1.0,STL10,0.21204780366761353
m12_35,1.0,SVHN,0.0937738418544488
m12_35,2.0,CIFAR10,0.20700730160075193
m12_35,2.0,CIFAR100,0.21097520080798024
m12_35,2.0,Cars,0.13090242024123103
m12_35,2.0,DTD,0.20211487804620834
m12_35,2.0,FER2013,0.16908546668271054
m12_35,2.0,FashionMNIST,0.15667493205566957
m12_35,2.0,Flowers102,0.27571310306688684
m12_35,2.0,Food101,0.25019171065922025
m12_35,2.0,KMNIST,0.10479062428829088
m12_35,2.0,MNIST,0.07129662541434811
m12_35,2.0,STL10,0.2426296841263491
m12_35,2.0,SVHN,0.07386526047583399
