subset_id,method,task,size,relres
m4_00,mean,CIFAR100,4,0.4967613379225243
m4_00,mean,Flowers102,4,0.5382768512086674
m4_00,mean,MNIST,4,0.545687212079087
m4_00,mean,OxfordIIITPet,4,0.536964108904332
m4_00,actmat,CIFAR100,4,0.04003489669452068
m4_00,actmat,Flowers102,4,0.10639204045440762
m4_00,actmat,MNIST,4,0.008677153675180524
m4_00,actmat,OxfordIIITPet,4,0.0843206461697199
m4_01,mean,Food101,4,0.5640724656246696
m4_01,mean,MNIST,4,0.5525162860972161
m4_01,mean,RESISC45,4,0.5444903651217115
m4_01,mean,RenderedSST2,4,0.5657239210386112
m4_01,actmat,Food101,4,0.08272471403473358
m4_01,actmat,MNIST,4,0.009437129774471939
m4_01,actmat,RESISC45,4,0.04556333316810142
m4_01,actmat,RenderedSST2,4,0.015411142272857488
m4_02,mean,FER2013,4,0.547338551169788
m4_02,mean,KMNIST,4,0.5552127273671956
m4_02,mean,RESISC45,4,0.5550993332442304
m4_02,mean,RenderedSST2,4,0.5587365412543144
m4_02,actmat,FER2013,4,0.048785172659243946
m4_02,actmat,KMNIST,4,0.022253145910790438
m4_02,actmat,RESISC45,4,0.05054307302077604
m4_02,actmat,RenderedSST2,4,0.018451980757227884
m4_03,mean,DTD,4,0.561997057662147
m4_03,mean,EMNIST,4,0.5238786853164087
m4_03,mean,Food101,4,0.5641951561803834
m4_03,mean,SVHN,4,0.525499816760867
m4_03,actmat,DTD,4,0.08391932645049749
m4_03,actmat,EMNIST,4,0.011732406506975126
m4_03,actmat,Food101,4,0.11622175696064173
m4_03,actmat,SVHN,4,0.018995069390378417
m4_04,mean,EMNIST,4,0.522051045221345
m4_04,mean,Flowers102,4,0.6141135305934573
m4_04,mean,STL10,4,0.5711592715741234
m4_04,mean,SVHN,4,0.5276620792369544
m4_04,actmat,EMNIST,4,0.008785825882394818
m4_04,actmat,Flowers102,4,0.12337758373206537
m4_04,actmat,STL10,4,0.0862220856866374
m4_04,actmat,SVHN,4,0.0140618680221356
m4_05,mean,Cars,4,0.5361779708716674
m4_05,mean,DTD,4,0.5200793322845879
m4_05,mean,Food101,4,0.5481223227592336
m4_05,mean,GTSRB,4,0.5378322204256291
m4_05,actmat,Cars,4,0.03351802892263721
m4_05,actmat,DTD,4,0.06696242520742904
m4_05,actmat,Food101,4,0.09725813988212878
m4_05,actmat,GTSRB,4,0.02222240818688988
m4_06,mean,DTD,4,0.519080817480992
m4_06,mean,KMNIST,4,0.5593267356226634
m4_06,mean,RESISC45,4,0.5207003469717625
m4_06,mean,STL10,4,0.5216351248001712
m4_06,actmat,DTD,4,0.06165749488261255
m4_06,actmat,KMNIST,4,0.015579674777688943
m4_06,actmat,RESISC45,4,0.04926342181807485
m4_06,actmat,STL10,4,0.0914632389391457
m4_07,mean,FER2013,4,0.5473137601010122
m4_07,mean,GTSRB,4,0.5330228842109305
m4_07,mean,OxfordIIITPet,4,0.5633966801832695
m4_07,mean,RESISC45,4,0.5291682474527393
m4_07,actmat,FER2013,4,0.036219307949816384
m4_07,actmat,GTSRB,4,0.02271054129495357
m4_07,actmat,OxfordIIITPet,4,0.10302033562584284
m4_07,actmat,RESISC45,4,0.044075413600803644
m4_08,mean,CIFAR100,4,0.5360425254078045
m4_08,mean,Flowers102,4,0.5818508922258878
m4_08,mean,PCAM,4,0.58101114405303
m4_08,mean,RenderedSST2,4,0.565606623728599
m4_08,actmat,CIFAR100,4,0.03562316660050308
m4_08,actmat,Flowers102,4,0.11116280057222164
m4_08,actmat,PCAM,4,0.029048657640073156
m4_08,actmat,RenderedSST2,4,0.011354990209779255
m4_09,mean,CIFAR10,4,0.4988818076556136
m4_09,mean,Cars,4,0.5561833455506086
m4_09,mean,MNIST,4,0.5467279160660937
m4_09,mean,STL10,4,0.4978422914531437
m4_09,actmat,CIFAR10,4,0.060810368853880976
m4_09,actmat,Cars,4,0.03187106119833653
m4_09,actmat,MNIST,4,0.010980078603625371
m4_09,actmat,STL10,4,0.10670025117065604
m4_10,mean,CIFAR10,4,0.49336870626290996
m4_10,mean,FashionMNIST,4,0.5226311937822764
m4_10,mean,GTSRB,4,0.5323779578093294
m4_10,mean,RESISC45,4,0.5401774838089695
m4_10,actmat,CIFAR10,4,0.06266585397416918
m4_10,actmat,FashionMNIST,4,0.03774256375325359
m4_10,actmat,GTSRB,4,0.02664195506912573
m4_10,actmat,RESISC45,4,0.046723410407498146
m4_11,mean,Cars,4,0.5506886496945275
m4_11,mean,FER2013,4,0.5492311015270633
m4_11,mean,FashionMNIST,4,0.5359949746751157
m4_11,mean,GTSRB,4,0.5326550859699433
m4_11,actmat,Cars,4,0.03658961358888469
m4_11,actmat,FER2013,4,0.051627399136611865
m4_11,actmat,FashionMNIST,4,0.046513512108030716
m4_11,actmat,GTSRB,4,0.028385564637801078
m8_12,mean,CIFAR100,8,0.6360018489772827
m8_12,mean,Cars,8,0.733632648866579
m8_12,mean,EMNIST,8,0.729773573666015
m8_12,mean,EuroSAT,8,0.7017932516586468
m8_12,mean,FashionMNIST,8,0.7019150429449069
m8_12,mean,Flowers102,8,0.7059915690275798
m8_12,mean,PCAM,8,0.7567986658724738
m8_12,mean,STL10,8,0.6597428633999655
m8_12,actmat,CIFAR100,8,0.1401743738418821
m8_12,actmat,Cars,8,0.07705106181027398
m8_12,actmat,EMNIST,8,0.019951253916480175
m8_12,actmat,EuroSAT,8,0.08644074675492555
m8_12,actmat,FashionMNIST,8,0.09523554466338725
m8_12,actmat,Flowers102,8,0.24943970990557873
m8_12,actmat,PCAM,8,0.08629287448828186
m8_12,actmat,STL10,8,0.20693148209008239
m8_13,mean,DTD,8,0.6654320610280734
m8_13,mean,EuroSAT,8,0.6970535625800864
m8_13,mean,Flowers102,8,0.6773702844702687
m8_13,mean,Food101,8,0.7008865723625053
m8_13,mean,PCAM,8,0.7641447497843563
m8_13,mean,RESISC45,8,0.6706191887246866
m8_13,mean,STL10,8,0.6465277166584763
m8_13,mean,SUN397,8,0.6563271749441653
m8_13,actmat,DTD,8,0.13241519473347949
m8_13,actmat,EuroSAT,8,0.0808154764950282
m8_13,actmat,Flowers102,8,0.21115806533755266
m8_13,actmat,Food101,8,0.1822920350357189
m8_13,actmat,PCAM,8,0.07776159205953251
m8_13,actmat,RESISC45,8,0.11720497148478434
m8_13,actmat,STL10,8,0.16252812395993552
m8_13,actmat,SUN397,8,0.13651040124315464
m8_14,mean,Cars,8,0.7252923495516658
m8_14,mean,FER2013,8,0.7230980345824619
m8_14,mean,Food101,8,0.7040459657932877
m8_14,mean,MNIST,8,0.6783059352196629
m8_14,mean,PCAM,8,0.7774804609643649
m8_14,mean,STL10,8,0.6802821078417746
m8_14,mean,SUN397,8,0.6845523835268738
m8_14,mean,SVHN,8,0.6934977746244025
m8_14,actmat,Cars,8,0.08674702069845494
m8_14,actmat,FER2013,8,0.11387698342078384
m8_14,actmat,Food101,8,0.22445396352311264
m8_14,actmat,MNIST,8,0.037055851701307665
m8_14,actmat,PCAM,8,0.0892739260143796
m8_14,actmat,STL10,8,0.21111965883181782
m8_14,actmat,SUN397,8,0.16909825517976737
m8_14,actmat,SVHN,8,0.038727230595524756
m8_15,mean,Cars,8,0.7125851361317572
m8_15,mean,DTD,8,0.6660424485292292
m8_15,mean,EuroSAT,8,0.7068774866725651
m8_15,mean,FashionMNIST,8,0.7240258738639256
m8_15,mean,Food101,8,0.6931278126279355
m8_15,mean,GTSRB,8,0.7075795205429967
m8_15,mean,OxfordIIITPet,8,0.6856946237729955
m8_15,mean,SUN397,8,0.666443152470455
m8_15,actmat,Cars,8,0.07516514939675856
m8_15,actmat,DTD,8,0.1402911705286593
m8_15,actmat,EuroSAT,8,0.08089376131015467
m8_15,actmat,FashionMNIST,8,0.07885670827642068
m8_15,actmat,Food101,8,0.2004355056159618
m8_15,actmat,GTSRB,8,0.053367999528654037
m8_15,actmat,OxfordIIITPet,8,0.20269538919702648
m8_15,actmat,SUN397,8,0.15402424006871848
m8_16,mean,CIFAR100,8,0.6452272671244019
m8_16,mean,Cars,8,0.7210449778257749
m8_16,mean,Flowers102,8,0.6866950031679592
m8_16,mean,GTSRB,8,0.6911603934681324
m8_16,mean,MNIST,8,0.7180453406769842
m8_16,mean,RESISC45,8,0.6919495750324723
m8_16,mean,RenderedSST2,8,0.7578598534522155
m8_16,mean,STL10,8,0.660174123821111
m8_16,actmat,CIFAR100,8,0.12851096715003246
m8_16,actmat,Cars,8,0.07234709226414869
m8_16,actmat,Flowers102,8,0.227898061454197
m8_16,actmat,GTSRB,8,0.058466866401230506
m8_16,actmat,MNIST,8,0.02555184247525632
m8_16,actmat,RESISC45,8,0.10310996904914159
m8_16,actmat,RenderedSST2,8,0.03816982543701278
m8_16,actmat,STL10,8,0.19068121646491037
m8_17,mean,CIFAR100,8,0.6582175679297693
m8_17,mean,Cars,8,0.7232526547791645
m8_17,mean,DTD,8,0.6621576817337761
m8_17,mean,EMNIST,8,0.7005726150838283
m8_17,mean,Flowers102,8,0.6868648976349039
m8_17,mean,MNIST,8,0.6819236233675204
m8_17,mean,RESISC45,8,0.7003942050643521
m8_17,mean,RenderedSST2,8,0.7592440489156045
m8_17,actmat,CIFAR100,8,0.14288248371355797
m8_17,actmat,Cars,8,0.08408090328101633
m8_17,actmat,DTD,8,0.15507848865068063
m8_17,actmat,EMNIST,8,0.02683116016090799
m8_17,actmat,Flowers102,8,0.26769197793803295
m8_17,actmat,MNIST,8,0.04022501126539009
m8_17,actmat,RESISC45,8,0.12231805365866281
m8_17,actmat,RenderedSST2,8,0.0474675246749381
m8_18,mean,FER2013,8,0.7211582135180307
m8_18,mean,FashionMNIST,8,0.713328348151757
m8_18,mean,Flowers102,8,0.6854960601273774
m8_18,mean,GTSRB,8,0.7155592917283489
m8_18,mean,OxfordIIITPet,8,0.687188623791932
m8_18,mean,PCAM,8,0.7684430964975899
m8_18,mean,STL10,8,0.6542058875885391
m8_18,mean,SUN397,8,0.6840996599818352
m8_18,actmat,FER2013,8,0.08861848335871607
m8_18,actmat,FashionMNIST,8,0.07663967663274067
m8_18,actmat,Flowers102,8,0.20676828366533648
m8_18,actmat,GTSRB,8,0.046924955708212666
m8_18,actmat,OxfordIIITPet,8,0.1994970611847509
m8_18,actmat,PCAM,8,0.07186957375189154
m8_18,actmat,STL10,8,0.17849092761248125
m8_18,actmat,SUN397,8,0.12470048210635423
m8_19,mean,Cars,8,0.7211936302306057
m8_19,mean,DTD,8,0.6653323655092129
m8_19,mean,EuroSAT,8,0.7014406476683127
m8_19,mean,Food101,8,0.7013826130783742
m8_19,mean,GTSRB,8,0.7014289987322766
m8_19,mean,KMNIST,8,0.7366685985016975
m8_19,mean,RESISC45,8,0.6740259737426126
m8_19,mean,STL10,8,0.6608436971567991
m8_19,actmat,Cars,8,0.07599511147620173
m8_19,actmat,DTD,8,0.143256393854413
m8_19,actmat,EuroSAT,8,0.09474435740634345
m8_19,actmat,Food101,8,0.204557132512827
m8_19,actmat,GTSRB,8,0.05663328640870466
m8_19,actmat,KMNIST,8,0.04413747916923468
m8_19,actmat,RESISC45,8,0.12758814871045673
m8_19,actmat,STL10,8,0.19581344492699518
m8_20,mean,CIFAR10,8,0.6488533665961072
m8_20,mean,DTD,8,0.684622358559389
m8_20,mean,EuroSAT,8,0.6909884212235773
m8_20,mean,FER2013,8,0.716533840043195
m8_20,mean,FashionMNIST,8,0.6979813350592781
m8_20,mean,Flowers102,8,0.6963875439281825
m8_20,mean,KMNIST,8,0.725394928204235
m8_20,mean,RESISC45,8,0.6881208846227668
m8_20,actmat,CIFAR10,8,0.1338219506930126
m8_20,actmat,DTD,8,0.14297982774201154
m8_20,actmat,EuroSAT,8,0.09636356055888319
m8_20,actmat,FER2013,8,0.10422367731886162
m8_20,actmat,FashionMNIST,8,0.09663800255398639
m8_20,actmat,Flowers102,8,0.23854300783791846
m8_20,actmat,KMNIST,8,0.048477434626710114
m8_20,actmat,RESISC45,8,0.12382548799390057
m8_21,mean,CIFAR100,8,0.6383416693176576
m8_21,mean,Cars,8,0.7182559840716183
m8_21,mean,DTD,8,0.67035568305336
m8_21,mean,EuroSAT,8,0.7124355725606988
m8_21,mean,GTSRB,8,0.6860106974115859
m8_21,mean,KMNIST,8,0.7094699724445552
m8_21,mean,MNIST,8,0.7015169043973474
m8_21,mean,OxfordIIITPet,8,0.6980268119631964
m8_21,actmat,CIFAR100,8,0.14605312737553586
m8_21,actmat,Cars,8,0.07997769174318876
m8_21,actmat,DTD,8,0.14856910135660806
m8_21,actmat,EuroSAT,8,0.0884623942789638
m8_21,actmat,GTSRB,8,0.06670697084722485
m8_21,actmat,KMNIST,8,0.05738243107555907
m8_21,actmat,MNIST,8,0.03495362704042392
m8_21,actmat,OxfordIIITPet,8,0.22703969831384177
m8_22,mean,CIFAR10,8,0.6112138865884794
m8_22,mean,CIFAR100,8,0.5976142844838158
m8_22,mean,Cars,8,0.7226018102744061
m8_22,mean,DTD,8,0.6704540320764233
m8_22,mean,FashionMNIST,8,0.7016038122219507
m8_22,mean,GTSRB,8,0.7023050743756745
m8_22,mean,STL10,8,0.6116938816074236
m8_22,mean,SUN397,8,0.659496880085929
m8_22,actmat,CIFAR10,8,0.1593982034337685
m8_22,actmat,CIFAR100,8,0.1573433176239662
m8_22,actmat,Cars,8,0.07967055467393819
m8_22,actmat,DTD,8,0.14163927582219887
m8_22,actmat,FashionMNIST,8,0.08899926208082444
m8_22,actmat,GTSRB,8,0.058563269287730105
m8_22,actmat,STL10,8,0.20478891563350357
m8_22,actmat,SUN397,8,0.1600157679418643
m8_23,mean,CIFAR100,8,0.6350894827948836
m8_23,mean,Cars,8,0.7187579816796136
m8_23,mean,DTD,8,0.6618851893702673
m8_23,mean,EuroSAT,8,0.6998537000930538
m8_23,mean,MNIST,8,0.6761336706361065
m8_23,mean,OxfordIIITPet,8,0.6942384757816986
m8_23,mean,SUN397,8,0.6628941551836585
m8_23,mean,SVHN,8,0.6885160442307304
m8_23,actmat,CIFAR100,8,0.153358762016156
m8_23,actmat,Cars,8,0.08415579716425824
m8_23,actmat,DTD,8,0.15406659239321094
m8_23,actmat,EuroSAT,8,0.09380086712574257
m8_23,actmat,MNIST,8,0.035886127539501295
m8_23,actmat,OxfordIIITPet,8,0.22870033395138936
m8_23,actmat,SUN397,8,0.17468762449474826
m8_23,actmat,SVHN,8,0.03957392313350527
m12_24,mean,CIFAR10,12,0.6882258018053348
m12_24,mean,CIFAR100,12,0.6606220633207106
m12_24,mean,DTD,12,0.7199469120643637
m12_24,mean,EuroSAT,12,0.7532274968300857
m12_24,mean,FER2013,12,0.774689529251702
m12_24,mean,FashionMNIST,12,0.7536382876836366
m12_24,mean,Flowers102,12,0.7397350578753066
m12_24,mean,GTSRB,12,0.7498069061929414
m12_24,mean,KMNIST,12,0.7747730459934071
m12_24,mean,MNIST,12,0.7715586526543398
m12_24,mean,RESISC45,12,0.7370411163114724
m12_24,mean,SUN397,12,0.7222310830320232
m12_24,actmat,CIFAR10,12,0.21046431196507695
m12_24,actmat,CIFAR100,12,0.22406491722588856
m12_24,actmat,DTD,12,0.21343735533656943
m12_24,actmat,EuroSAT,12,0.1422037780528134
m12_24,actmat,FER2013,12,0.16137598572559952
m12_24,actmat,FashionMNIST,12,0.14574545293799193
m12_24,actmat,Flowers102,12,0.33884298110489935
m12_24,actmat,GTSRB,12,0.09583962015231638
m12_24,actmat,KMNIST,12,0.08675411377957648
m12_24,actmat,MNIST,12,0.05046615851072211
m12_24,actmat,RESISC45,12,0.18643657716067738
m12_24,actmat,SUN397,12,0.23571576449393236
m12_25,mean,CIFAR10,12,0.6944556402164649
m12_25,mean,CIFAR100,12,0.6668850596001588
m12_25,mean,Cars,12,0.786287076263721
m12_25,mean,DTD,12,0.730118178315785
m12_25,mean,EMNIST,12,0.7906642082429203
m12_25,mean,EuroSAT,12,0.7637809327607061
m12_25,mean,FER2013,12,0.7732665672216467
m12_25,mean,FashionMNIST,12,0.7590913537930349
m12_25,mean,Flowers102,12,0.7261901304348536
m12_25,mean,GTSRB,12,0.7574154627523442
m12_25,mean,OxfordIIITPet,12,0.7421946773495207
m12_25,mean,RenderedSST2,12,0.82376966909612
m12_25,actmat,CIFAR10,12,0.21943317064798668
m12_25,actmat,CIFAR100,12,0.22306182891019194
m12_25,actmat,Cars,12,0.11510747273296877
m12_25,actmat,DTD,12,0.206427320204518
m12_25,actmat,EMNIST,12,0.03392897084159332
m12_25,actmat,EuroSAT,12,0.12444780417832876
m12_25,actmat,FER2013,12,0.1626373523235901
m12_25,actmat,FashionMNIST,12,0.14524195903340031
m12_25,actmat,Flowers102,12,0.33461310381216114
m12_25,actmat,GTSRB,12,0.0938546398018922
m12_25,actmat,OxfordIIITPet,12,0.3036363605777468
m12_25,actmat,RenderedSST2,12,0.06542381567892216
m12_26,mean,CIFAR100,12,0.7031886456225298
m12_26,mean,Cars,12,0.7995490764714053
m12_26,mean,DTD,12,0.7599724615802523
m12_26,mean,EMNIST,12,0.7519268854399306
m12_26,mean,EuroSAT,12,0.7712574322513365
m12_26,mean,FashionMNIST,12,0.7563437643972687
m12_26,mean,Food101,12,0.7710560920156861
m12_26,mean,KMNIST,12,0.7621122484377769
m12_26,mean,MNIST,12,0.7135024174925916
m12_26,mean,PCAM,12,0.8342401369065703
m12_26,mean,RenderedSST2,12,0.8282792346054195
m12_26,mean,SVHN,12,0.74994372459927
m12_26,actmat,CIFAR100,12,0.23874514185741472
m12_26,actmat,Cars,12,0.13424756442639654
m12_26,actmat,DTD,12,0.25094634471174543
m12_26,actmat,EMNIST,12,0.04966866704969412
m12_26,actmat,EuroSAT,12,0.1450136451481534
m12_26,actmat,FashionMNIST,12,0.16730932824901842
m12_26,actmat,Food101,12,0.35090439596473716
m12_26,actmat,KMNIST,12,0.10751253235280094
m12_26,actmat,MNIST,12,0.07144843542501562
m12_26,actmat,PCAM,12,0.14427498071740594
m12_26,actmat,RenderedSST2,12,0.08015999565435704
m12_26,actmat,SVHN,12,0.0689610332576296
m12_27,mean,CIFAR10,12,0.6689726215807518
m12_27,mean,CIFAR100,12,0.6526340741366458
m12_27,mean,Cars,12,0.7878826431117767
m12_27,mean,EMNIST,12,0.7896798948004924
m12_27,mean,EuroSAT,12,0.7581361981991298
m12_27,mean,FER2013,12,0.7747000340256154
m12_27,mean,FashionMNIST,12,0.7553024410240826
m12_27,mean,Flowers102,12,0.7392777273794661
m12_27,mean,Food101,12,0.7552893378324843
m12_27,mean,GTSRB,12,0.7589678032554183
m12_27,mean,STL10,12,0.6739962342585225
m12_27,mean,SUN397,12,0.7292801036139858
m12_27,actmat,CIFAR10,12,0.2195884978390875
m12_27,actmat,CIFAR100,12,0.2290622420836667
m12_27,actmat,Cars,12,0.11922843767910239
m12_27,actmat,EMNIST,12,0.033920553935859216
m12_27,actmat,EuroSAT,12,0.1267809115379285
m12_27,actmat,FER2013,12,0.16241075466631996
m12_27,actmat,FashionMNIST,12,0.14614798889365452
m12_27,actmat,Flowers102,12,0.33586114215466906
m12_27,actmat,Food101,12,0.3006040441934621
m12_27,actmat,GTSRB,12,0.09461845974097835
m12_27,actmat,STL10,12,0.2768528536940245
m12_27,actmat,SUN397,12,0.2334833259503297
m12_28,mean,CIFAR10,12,0.736908701191446
m12_28,mean,Cars,12,0.7795350991958175
m12_28,mean,EMNIST,12,0.7852460901200624
m12_28,mean,FER2013,12,0.7770937606362034
m12_28,mean,Flowers102,12,0.7285071780093197
m12_28,mean,Food101,12,0.7599578499809468
m12_28,mean,GTSRB,12,0.7567435040960641
m12_28,mean,KMNIST,12,0.7800665513822218
m12_28,mean,OxfordIIITPet,12,0.7408630176366199
m12_28,mean,RESISC45,12,0.7519047453835137
m12_28,mean,RenderedSST2,12,0.8250811172354745
m12_28,mean,SUN397,12,0.7256481682325889
m12_28,actmat,CIFAR10,12,0.20919436103103728
m12_28,actmat,Cars,12,0.12208593846036267
m12_28,actmat,EMNIST,12,0.039794073026997626
m12_28,actmat,FER2013,12,0.16607912368632693
m12_28,actmat,Flowers102,12,0.3339368914746796
m12_28,actmat,Food101,12,0.30538811970404706
m12_28,actmat,GTSRB,12,0.09709107444788687
m12_28,actmat,KMNIST,12,0.09354395743077298
m12_28,actmat,OxfordIIITPet,12,0.31169290179966513
m12_28,actmat,RESISC45,12,0.17294900173814567
m12_28,actmat,RenderedSST2,12,0.0691030228259299
m12_28,actmat,SUN397,12,0.2444249560114218
m12_29,mean,CIFAR100,12,0.6917886263966575
m12_29,mean,Cars,12,0.7864106325457075
m12_29,mean,DTD,12,0.7279634793623365
m12_29,mean,EMNIST,12,0.7699857734022001
m12_29,mean,EuroSAT,12,0.768583568139725
m12_29,mean,FashionMNIST,12,0.7654119895889666
m12_29,mean,Flowers102,12,0.7348857936404505
m12_29,mean,Food101,12,0.7605217444785444
m12_29,mean,GTSRB,12,0.7508291697144203
m12_29,mean,MNIST,12,0.7543482894060654
m12_29,mean,PCAM,12,0.8372259068335444
m12_29,mean,SUN397,12,0.735258446869569
m12_29,actmat,CIFAR100,12,0.21873015114107267
m12_29,actmat,Cars,12,0.12167578584035262
m12_29,actmat,DTD,12,0.22575573157098117
m12_29,actmat,EMNIST,12,0.040665736762129104
m12_29,actmat,EuroSAT,12,0.13046985849838047
m12_29,actmat,FashionMNIST,12,0.14651216662746788
m12_29,actmat,Flowers102,12,0.3551955133414312
m12_29,actmat,Food101,12,0.31580862822481126
m12_29,actmat,GTSRB,12,0.1004114118974725
m12_29,actmat,MNIST,12,0.05802542610505666
m12_29,actmat,PCAM,12,0.12912646211249798
m12_29,actmat,SUN397,12,0.24647542227205346
m12_30,mean,CIFAR10,12,0.7076354233881234
m12_30,mean,CIFAR100,12,0.6739005965797018
m12_30,mean,DTD,12,0.7344756889067777
m12_30,mean,EMNIST,12,0.7458487359414788
m12_30,mean,FER2013,12,0.7745707853590095
m12_30,mean,Food101,12,0.7706971892245297
m12_30,mean,GTSRB,12,0.7367695962691166
m12_30,mean,KMNIST,12,0.7596931904539417
m12_30,mean,MNIST,12,0.7029632679011002
m12_30,mean,RenderedSST2,12,0.8250309328628658
m12_30,mean,SUN397,12,0.7402216545348952
m12_30,mean,SVHN,12,0.7415575750525722
m12_30,actmat,CIFAR10,12,0.23815173680978416
m12_30,actmat,CIFAR100,12,0.2551094882621789
m12_30,actmat,DTD,12,0.24593201464187972
m12_30,actmat,EMNIST,12,0.05163979873201958
m12_30,actmat,FER2013,12,0.1909481139843834
m12_30,actmat,Food101,12,0.3520336622669922
m12_30,actmat,GTSRB,12,0.11997108488384564
m12_30,actmat,KMNIST,12,0.11058437553203866
m12_30,actmat,MNIST,12,0.07536758580622593
m12_30,actmat,RenderedSST2,12,0.08433611279132361
m12_30,actmat,SUN397,12,0.2751960111212367
m12_30,actmat,SVHN,12,0.07386640580015585
m12_31,mean,CIFAR10,12,0.6853605148237716
m12_31,mean,EuroSAT,12,0.7524318229197952
m12_31,mean,FER2013,12,0.7849069070668271
m12_31,mean,FashionMNIST,12,0.7476205563520808
m12_31,mean,Food101,12,0.7721578025490384
m12_31,mean,GTSRB,12,0.7517792299401286
m12_31,mean,KMNIST,12,0.7732606080278155
m12_31,mean,MNIST,12,0.7384619529149345
m12_31,mean,PCAM,12,0.8271923414958103
m12_31,mean,RESISC45,12,0.7578272606997427
m12_31,mean,STL10,12,0.7092976637551213
m12_31,mean,SVHN,12,0.7519868737113792
m12_31,actmat,CIFAR10,12,0.21180820010275092
m12_31,actmat,EuroSAT,12,0.1476969276788715
m12_31,actmat,FER2013,12,0.16766601546483662
m12_31,actmat,FashionMNIST,12,0.1504376310853772
m12_31,actmat,Food101,12,0.313969305409736
m12_31,actmat,GTSRB,12,0.10114999653929235
m12_31,actmat,KMNIST,12,0.09081828889716778
m12_31,actmat,MNIST,12,0.05807348904347632
m12_31,actmat,PCAM,12,0.1309962703339226
m12_31,actmat,RESISC45,12,0.1909312485549931
m12_31,actmat,STL10,12,0.28637794074023154
m12_31,actmat,SVHN,12,0.061661341819860535
m12_32,mean,CIFAR100,12,0.6840835599227524
m12_32,mean,Cars,12,0.7855617578868807
m12_32,mean,EMNIST,12,0.7825928615140954
m12_32,mean,EuroSAT,12,0.7676581200682697
m12_32,mean,FashionMNIST,12,0.7607230858051421
m12_32,mean,Flowers102,12,0.7309766830140875
m12_32,mean,GTSRB,12,0.7606601833419591
m12_32,mean,KMNIST,12,0.7752387541353408
m12_32,mean,OxfordIIITPet,12,0.7391107362851891
m12_32,mean,PCAM,12,0.8347926583483622
m12_32,mean,STL10,12,0.7020116204755688
m12_32,mean,SUN397,12,0.7415848058571622
m12_32,actmat,CIFAR100,12,0.21543143608682766
m12_32,actmat,Cars,12,0.1184180106520052
m12_32,actmat,EMNIST,12,0.03778878777159027
m12_32,actmat,EuroSAT,12,0.1268352712759006
m12_32,actmat,FashionMNIST,12,0.14507981188005278
m12_32,actmat,Flowers102,12,0.33850990551326604
m12_32,actmat,GTSRB,12,0.09365606235283679
m12_32,actmat,KMNIST,12,0.08982287355570294
m12_32,actmat,OxfordIIITPet,12,0.30840259989282687
m12_32,actmat,PCAM,12,0.1238362403793462
m12_32,actmat,STL10,12,0.28584240303180203
m12_32,actmat,SUN397,12,0.23435636630891318
m12_33,mean,CIFAR10,12,0.6783647597425053
m12_33,mean,CIFAR100,12,0.6525907792644693
m12_33,mean,DTD,12,0.7161131293933227
m12_33,mean,EMNIST,12,0.7909504263907876
m12_33,mean,FER2013,12,0.7742843805422892
m12_33,mean,FashionMNIST,12,0.7606936683424071
m12_33,mean,Flowers102,12,0.7243049033858852
m12_33,mean,GTSRB,12,0.7561850413000734
m12_33,mean,OxfordIIITPet,12,0.7412030459903556
m12_33,mean,RESISC45,12,0.7398830945032753
m12_33,mean,STL10,12,0.6640068706526294
m12_33,mean,SUN397,12,0.7122982132647298
m12_33,actmat,CIFAR10,12,0.20888056357727153
m12_33,actmat,CIFAR100,12,0.21756851985813547
m12_33,actmat,DTD,12,0.20169192503577693
m12_33,actmat,EMNIST,12,0.03237615183991177
m12_33,actmat,FER2013,12,0.15533617954650233
m12_33,actmat,FashionMNIST,12,0.14086890890788809
m12_33,actmat,Flowers102,12,0.3207468960770136
m12_33,actmat,GTSRB,12,0.08993389192919504
m12_33,actmat,OxfordIIITPet,12,0.29882117440796024
m12_33,actmat,RESISC45,12,0.1643446090389376
m12_33,actmat,STL10,12,0.26670183184218155
m12_33,actmat,SUN397,12,0.22478474780969804
m12_34,mean,CIFAR10,12,0.6923534124615263
m12_34,mean,CIFAR100,12,0.6643903268311987
m12_34,mean,Cars,12,0.7871116654753062
m12_34,mean,DTD,12,0.7260496243077731
m12_34,mean,EMNIST,12,0.7646574183257094
m12_34,mean,EuroSAT,12,0.7636334732237959
m12_34,mean,Flowers102,12,0.7206318305522753
m12_34,mean,KMNIST,12,0.7689106045767033
m12_34,mean,MNIST,12,0.7515874463881288
m12_34,mean,OxfordIIITPet,12,0.7394201504204212
m12_34,mean,RESISC45,12,0.7451572982619792
m12_34,mean,STL10,12,0.6770188298487334
m12_34,actmat,CIFAR10,12,0.21567812819892654
m12_34,actmat,CIFAR100,12,0.21810344270292875
m12_34,actmat,Cars,12,0.11695406950281514
m12_34,actmat,DTD,12,0.20857534125416383
m12_34,actmat,EMNIST,12,0.040789795559232095
m12_34,actmat,EuroSAT,12,0.137201605052808
m12_34,actmat,Flowers102,12,0.3352071671091182
m12_34,actmat,KMNIST,12,0.09113964826331132
m12_34,actmat,MNIST,12,0.05633080671732499
m12_34,actmat,OxfordIIITPet,12,0.308932324419923
m12_34,actmat,RESISC45,12,0.1830784493740976
m12_34,actmat,STL10,12,0.2817135850178979
m12_35,mean,CIFAR10,12,0.6773513039716117
m12_35,mean,CIFAR100,12,0.6580623340784622
m12_35,mean,Cars,12,0.7896778661877191
m12_35,mean,DTD,12,0.7377846704130877
m12_35,mean,FER2013,12,0.7740911440903548
m12_35,mean,FashionMNIST,12,0.7506289607237487
m12_35,mean,Flowers102,12,0.7377579582928486
m12_35,mean,Food101,12,0.7567182037340234
m12_35,mean,KMNIST,12,0.7715804063564041
m12_35,mean,MNIST,12,0.7398252590800911
m12_35,mean,STL10,12,0.6907674280231342
m12_35,mean,SVHN,12,0.7599135370388408
m12_35,actmat,CIFAR10,12,0.21959901119819447
m12_35,actmat,CIFAR100,12,0.22619277652704975
m12_35,actmat,Cars,12,0.11874900863795092
m12_35,actmat,DTD,12,0.21376382163166252
m12_35,actmat,FER2013,12,0.16721448618698387
m12_35,actmat,FashionMNIST,12,0.15047154865616824
m12_35,actmat,Flowers102,12,0.3461026946845206
m12_35,actmat,Food101,12,0.3061660533902328
m12_35,actmat,KMNIST,12,0.0903034372828239
m12_35,actmat,MNIST,12,0.05797977045233516
m12_35,actmat,STL10,12,0.27973272911285496
m12_35,actmat,SVHN,12,0.059216659959658996
