subset_id,method,task,size,retained,zs,relres
m4_00,mean,CIFAR100,4,0.872443245673185,0.642,0.4967613379225243
m4_00,mean,Flowers102,4,0.807122198120029,0.6631972678484307,0.5382768512086674
m4_00,mean,MNIST,4,0.9385973713253737,0.4825,0.545687212079087
m4_00,mean,OxfordIIITPet,4,0.9883997620464009,0.8743526846552194,0.536964108904332
m4_02,mean,FER2013,4,0.8276391554702494,0.492059069378657,0.547338551169788
m4_02,mean,KMNIST,4,0.3863336379327851,0.0977,0.5552127273671956
m4_02,mean,RESISC45,4,0.8459244532803181,0.6022222222222222,0.5550993332442304
m4_02,mean,RenderedSST2,4,0.9155653450807636,0.585941790225151,0.5587365412543144
m4_01,mean,Food101,4,0.9536958558237052,0.8272079207920792,0.5640724656246696
m4_01,mean,MNIST,4,0.9465235276412161,0.4825,0.5525162860972161
m4_01,mean,RESISC45,4,0.8556991385023194,0.6022222222222222,0.5444903651217115
m4_01,mean,RenderedSST2,4,0.919970631424376,0.585941790225151,0.5657239210386112
m4_03,mean,DTD,4,0.7350948509485096,0.4441489361702128,0.561997057662147
m4_03,mean,EMNIST,4,0.8497482023400897,0.171975,0.5238786853164087
m4_03,mean,Food101,4,0.9333095418655484,0.8272079207920792,0.5641951561803834
m4_03,mean,SVHN,4,0.7647290795804086,0.3160725261216964,0.525499816760867
m4_10,mean,CIFAR10,4,0.967863701285452,0.8983,0.4933687062629099
m4_10,mean,FashionMNIST,4,0.8625498007968128,0.6302,0.5226311937822764
m4_10,mean,GTSRB,4,0.7061785628646791,0.32557403008709423,0.5323779578093294
m4_10,mean,RESISC45,4,0.809973492379059,0.6022222222222222,0.5401774838089695
m4_06,mean,DTD,4,0.7411924119241193,0.4441489361702128,0.519080817480992
m4_06,mean,KMNIST,4,0.3915118286120418,0.0977,0.5593267356226634
m4_06,mean,RESISC45,4,0.8300198807157056,0.6022222222222222,0.5207003469717625
m4_06,mean,STL10,4,0.9993619193466055,0.97125,0.5216351248001712
m4_07,mean,FER2013,4,0.8264875239923224,0.492059069378657,0.5473137601010122
m4_07,mean,GTSRB,4,0.7273599232675246,0.32557403008709423,0.5330228842109305
m4_07,mean,OxfordIIITPet,4,0.9872099940511601,0.8743526846552194,0.5633966801832695
m4_07,mean,RESISC45,4,0.8450960901259111,0.6022222222222222,0.5291682474527393
m4_09,mean,CIFAR10,4,0.9745970210161192,0.8983,0.4988818076556136
m4_09,mean,Cars,4,0.6615263571990558,0.5964432284541724,0.5561833455506086
m4_09,mean,MNIST,4,0.9334804856024882,0.4825,0.5467279160660937
m4_09,mean,STL10,4,0.998468606431853,0.97125,0.4978422914531437
m4_04,mean,EMNIST,4,0.8008167764888633,0.171975,0.522051045221345
m4_04,mean,Flowers102,4,0.7895878524945771,0.6631972678484307,0.6141135305934573
m4_04,mean,STL10,4,0.9991066870852475,0.97125,0.5711592715741234
m4_04,mean,SVHN,4,0.7319189210505561,0.3160725261216964,0.5276620792369544
m4_08,mean,CIFAR100,4,0.8717689368397392,0.642,0.5360425254078045
m4_08,mean,Flowers102,4,0.8183297180043384,0.6631972678484307,0.5818508922258878
m4_08,mean,PCAM,4,0.9029987866181314,0.606201171875,0.58101114405303
m4_08,mean,RenderedSST2,4,0.9287812041116007,0.585941790225151,0.565606623728599
m4_05,mean,Cars,4,0.8649881982690796,0.5964432284541724,0.5361779708716674
m4_05,mean,DTD,4,0.7452574525745258,0.4441489361702128,0.5200793322845879
m4_05,mean,Food101,4,0.9548556898782173,0.8272079207920792,0.5481223227592336
m4_05,mean,GTSRB,4,0.7719606746063464,0.32557403008709423,0.5378322204256291
m8_20,mean,CIFAR10,8,0.9505203019791879,0.8983,0.6488533665961072
m8_20,mean,DTD,8,0.6476964769647697,0.4441489361702128,0.684622358559389
m8_20,mean,EuroSAT,8,0.713053263315829,0.45444444444444443,0.6909884212235773
m8_20,mean,FER2013,8,0.7600767754318617,0.492059069378657,0.716533840043195
m8_20,mean,FashionMNIST,8,0.7935625917383099,0.6302,0.6979813350592781
m8_20,mean,Flowers102,8,0.7680766449746927,0.6631972678484307,0.6963875439281825
m8_20,mean,KMNIST,8,0.1411310792973906,0.0977,0.725394928204235
m8_20,mean,RESISC45,8,0.746520874751491,0.6022222222222222,0.6881208846227668
m4_11,mean,Cars,4,0.850354051927616,0.5964432284541724,0.5506886496945275
m4_11,mean,FER2013,4,0.8157389635316697,0.492059069378657,0.5492311015270633
m4_11,mean,FashionMNIST,4,0.8695743342419795,0.6302,0.5359949746751157
m4_11,mean,GTSRB,4,0.7520581887938614,0.32557403008709423,0.5326550859699433
m8_17,mean,CIFAR100,8,0.7938862665767589,0.642,0.6582175679297693
m8_17,mean,Cars,8,0.8026750590086547,0.5964432284541724,0.7232526547791645
m8_17,mean,DTD,8,0.6355013550135502,0.4441489361702128,0.6621576817337761
m8_17,mean,EMNIST,8,0.4910680730589031,0.171975,0.7005726150838283
m8_17,mean,Flowers102,8,0.7794649313087492,0.6631972678484307,0.6868648976349039
m8_17,mean,MNIST,8,0.7972308618440854,0.4825,0.6819236233675204
m8_17,mean,RESISC45,8,0.7352551358515573,0.6022222222222222,0.7003942050643521
m8_17,mean,RenderedSST2,8,0.8472834067547724,0.585941790225151,0.7592440489156045
m8_16,mean,CIFAR100,8,0.8188356934142504,0.642,0.6452272671244019
m8_16,mean,Cars,8,0.7831628638867034,0.5964432284541724,0.7210449778257749
m8_16,mean,Flowers102,8,0.7747650036153291,0.6631972678484307,0.6866950031679592
m8_16,mean,GTSRB,8,0.5206618176005116,0.32557403008709423,0.6911603934681324
m8_16,mean,MNIST,8,0.7954249021771846,0.4825,0.7180453406769842
m8_16,mean,RESISC45,8,0.7384029158383035,0.6022222222222222,0.6919495750324723
m8_16,mean,RenderedSST2,8,0.8509544787077826,0.585941790225151,0.7578598534522155
m8_16,mean,STL10,8,0.9964267483409902,0.97125,0.660174123821111
m8_21,mean,CIFAR100,8,0.7968082715216902,0.642,0.6383416693176576
m8_21,mean,Cars,8,0.7974822974036192,0.5964432284541724,0.7182559840716183
m8_21,mean,DTD,8,0.644308943089431,0.4441489361702128,0.67035568305336
m8_21,mean,EuroSAT,8,0.673668417104276,0.45444444444444443,0.7124355725606988
m8_21,mean,GTSRB,8,0.5260970346095436,0.32557403008709423,0.6860106974115859
m8_21,mean,KMNIST,8,0.1616407757132704,0.0977,0.7094699724445552
m8_21,mean,MNIST,8,0.7924149693990167,0.4825,0.7015169043973474
m8_21,mean,OxfordIIITPet,8,0.964009518143962,0.8743526846552194,0.6980268119631964
m8_19,mean,Cars,8,0.7730920535011803,0.5964432284541724,0.7211936302306057
m8_19,mean,DTD,8,0.6476964769647697,0.4441489361702128,0.6653323655092129
m8_19,mean,EuroSAT,8,0.713053263315829,0.45444444444444443,0.7014406476683127
m8_19,mean,Food101,8,0.930633001739751,0.8272079207920792,0.7013826130783742
m8_19,mean,GTSRB,8,0.5166653345056351,0.32557403008709423,0.7014289987322766
m8_19,mean,KMNIST,8,0.1553457203777033,0.0977,0.7366685985016975
m8_19,mean,RESISC45,8,0.7581179589131875,0.6022222222222222,0.6740259737426126
m8_19,mean,STL10,8,0.9938744257274119,0.97125,0.6608436971567991
m8_12,mean,CIFAR100,8,0.8154641492470218,0.642,0.6360018489772827
m8_12,mean,Cars,8,0.7719905586152637,0.5964432284541724,0.733632648866579
m8_12,mean,EMNIST,8,0.4260516623656453,0.171975,0.729773573666015
m8_12,mean,EuroSAT,8,0.6841710427606902,0.45444444444444443,0.7017932516586468
m8_12,mean,FashionMNIST,8,0.7916754036485637,0.6302,0.7019150429449069
m8_12,mean,Flowers102,8,0.7682574114244397,0.6631972678484307,0.7059915690275798
m8_12,mean,PCAM,8,0.8097763910556423,0.606201171875,0.7567986658724738
m8_12,mean,STL10,8,0.9942572741194488,0.97125,0.6597428633999655
m12_25,mean,CIFAR10,12,0.9526627218934911,0.8983,0.6944556402164649
m12_25,mean,CIFAR100,12,0.8124297594965161,0.642,0.6668850596001588
m12_25,mean,Cars,12,0.7683713611329662,0.5964432284541724,0.786287076263721
m12_25,mean,DTD,12,0.5975609756097561,0.4441489361702128,0.730118178315785
m12_25,mean,EMNIST,12,0.36572044196126574,0.171975,0.7906642082429203
m12_25,mean,EuroSAT,12,0.6042760690172543,0.45444444444444443,0.7637809327607061
m12_25,mean,FER2013,12,0.7305182341650671,0.492059069378657,0.7732665672216467
m12_25,mean,FashionMNIST,12,0.7701824281820089,0.6302,0.7590913537930349
m12_25,mean,Flowers102,12,0.7546999276934202,0.6631972678484307,0.7261901304348536
m12_25,mean,GTSRB,12,0.45695787706818003,0.32557403008709423,0.7574154627523442
m12_25,mean,OxfordIIITPet,12,0.9610350981558597,0.8743526846552194,0.7421946773495207
m12_25,mean,RenderedSST2,12,0.8215859030837005,0.585941790225151,0.82376966909612
m12_26,mean,CIFAR100,12,0.7733198471566645,0.642,0.7031886456225298
m12_26,mean,Cars,12,0.7729346970889064,0.5964432284541724,0.7995490764714053
m12_26,mean,DTD,12,0.6070460704607047,0.4441489361702128,0.7599724615802523
m12_26,mean,EMNIST,12,0.4013980407386065,0.171975,0.7519268854399306
m12_26,mean,EuroSAT,12,0.5982745686421606,0.45444444444444443,0.7712574322513365
m12_26,mean,FashionMNIST,12,0.753931641853638,0.6302,0.7563437643972687
m12_26,mean,Food101,12,0.9112280858277201,0.8272079207920792,0.7710560920156861
m12_26,mean,KMNIST,12,0.1093512031678343,0.0977,0.7621122484377769
m12_26,mean,MNIST,12,0.7801745761011337,0.4825,0.7135024174925916
m12_26,mean,PCAM,12,0.7325013000520021,0.606201171875,0.8342401369065703
m12_26,mean,RenderedSST2,12,0.8348017621145375,0.585941790225151,0.8282792346054195
m12_26,mean,SVHN,12,0.5572206009937692,0.3160725261216964,0.74994372459927
m8_18,mean,FER2013,8,0.7600767754318617,0.492059069378657,0.7211582135180307
m8_18,mean,FashionMNIST,8,0.7957643111763473,0.6302,0.713328348151757
m8_18,mean,Flowers102,8,0.7769342010122922,0.6631972678484307,0.6854960601273774
m8_18,mean,GTSRB,8,0.5147470226200943,0.32557403008709423,0.7155592917283489
m8_18,mean,OxfordIIITPet,8,0.9738251041046997,0.8743526846552194,0.687188623791932
m8_18,mean,PCAM,8,0.7731322586236783,0.606201171875,0.7684430964975899
m8_18,mean,STL10,8,0.9956610515569168,0.97125,0.6542058875885391
m8_18,mean,SUN397,8,0.8753935820995512,0.6318891687657431,0.6840996599818352
m8_22,mean,CIFAR10,8,0.9657212813711488,0.8983,0.6112138865884794
m8_22,mean,CIFAR100,8,0.8362553382782647,0.642,0.5976142844838158
m8_22,mean,Cars,8,0.7405192761605035,0.5964432284541724,0.7226018102744061
m8_22,mean,DTD,8,0.6422764227642277,0.4441489361702128,0.6704540320764233
m8_22,mean,FashionMNIST,8,0.8043615013629691,0.6302,0.7016038122219507
m8_22,mean,GTSRB,8,0.532491407561346,0.32557403008709423,0.7023050743756745
m8_22,mean,STL10,8,0.9947677386421643,0.97125,0.6116938816074236
m8_22,mean,SUN397,8,0.8765324579620821,0.6318891687657431,0.659496880085929
m8_23,mean,CIFAR100,8,0.8162508428860417,0.642,0.6350894827948836
m8_23,mean,Cars,8,0.8037765538945713,0.5964432284541724,0.7187579816796136
m8_23,mean,DTD,8,0.644308943089431,0.4441489361702128,0.6618851893702673
m8_23,mean,EuroSAT,8,0.7299324831207803,0.45444444444444443,0.6998537000930538
m8_23,mean,MNIST,8,0.866559646834554,0.4825,0.6761336706361065
m8_23,mean,OxfordIIITPet,8,0.971743010113028,0.8743526846552194,0.6942384757816986
m8_23,mean,SUN397,8,0.8701011589736718,0.6318891687657431,0.6628941551836585
m8_23,mean,SVHN,8,0.6073428503825223,0.3160725261216964,0.6885160442307304
m12_24,mean,CIFAR10,12,0.9508263619669456,0.8983,0.6882258018053348
m12_24,mean,CIFAR100,12,0.8016408181613845,0.642,0.6606220633207106
m12_24,mean,DTD,12,0.6063685636856369,0.4441489361702128,0.7199469120643637
m12_24,mean,EuroSAT,12,0.622655663915979,0.45444444444444443,0.7532274968300857
m12_24,mean,FER2013,12,0.7309021113243761,0.492059069378657,0.774689529251702
m12_24,mean,FashionMNIST,12,0.7682952400922626,0.6302,0.7536382876836366
m12_24,mean,Flowers102,12,0.7503615328994939,0.6631972678484307,0.7397350578753066
m12_24,mean,GTSRB,12,0.4615937974582368,0.32557403008709423,0.7498069061929414
m12_24,mean,KMNIST,12,0.11209259823332318,0.0977,0.7747730459934071
m12_24,mean,MNIST,12,0.7204775760008025,0.4825,0.7715586526543398
m12_24,mean,RESISC45,12,0.7051027170311465,0.6022222222222222,0.7370411163114724
m12_24,mean,SUN397,12,0.859717290815301,0.6318891687657431,0.7222310830320232
m8_15,mean,Cars,8,0.8034618410700236,0.5964432284541724,0.7125851361317572
m8_15,mean,DTD,8,0.6571815718157181,0.4441489361702128,0.6660424485292292
m8_15,mean,EuroSAT,8,0.6875468867216804,0.45444444444444443,0.7068774866725651
m8_15,mean,FashionMNIST,8,0.785279932899979,0.6302,0.7240258738639256
m8_15,mean,Food101,8,0.9383949681045635,0.8272079207920792,0.6931278126279355
m8_15,mean,GTSRB,8,0.5134681480297338,0.32557403008709423,0.7075795205429967
m8_15,mean,OxfordIIITPet,8,0.971743010113028,0.8743526846552194,0.6856946237729955
m8_15,mean,SUN397,8,0.8735177865612649,0.6318891687657431,0.666443152470455
m12_31,mean,CIFAR10,12,0.946949602122016,0.8983,0.6853605148237716
m12_31,mean,EuroSAT,12,0.6072768192048011,0.45444444444444443,0.7524318229197952
m12_31,mean,FER2013,12,0.7339731285988483,0.492059069378657,0.7849069070668271
m12_31,mean,FashionMNIST,12,0.7585447682952401,0.6302,0.7476205563520808
m12_31,mean,Food101,12,0.8956595440959986,0.8272079207920792,0.7721578025490384
m12_31,mean,GTSRB,12,0.4739029653904564,0.32557403008709423,0.7517792299401286
m12_31,mean,KMNIST,12,0.10620367550005076,0.0977,0.7732606080278155
m12_31,mean,MNIST,12,0.7696398113775459,0.4825,0.7384619529149345
m12_31,mean,PCAM,12,0.7561102444097764,0.606201171875,0.8271923414958103
m12_31,mean,RESISC45,12,0.7027833001988072,0.6022222222222222,0.7578272606997427
m12_31,mean,STL10,12,0.9862174578866768,0.97125,0.7092976637551213
m12_31,mean,SVHN,12,0.5622288824039751,0.3160725261216964,0.7519868737113792
m8_13,mean,DTD,8,0.6639566395663957,0.4441489361702128,0.6654320610280734
m8_13,mean,EuroSAT,8,0.7479369842460615,0.45444444444444443,0.6970535625800864
m8_13,mean,Flowers102,8,0.7839840925524223,0.6631972678484307,0.6773702844702687
m8_13,mean,Food101,8,0.9334879778739349,0.8272079207920792,0.7008865723625053
m8_13,mean,PCAM,8,0.7319812792511701,0.606201171875,0.7641447497843563
m8_13,mean,RESISC45,8,0.7543074884029158,0.6022222222222222,0.6706191887246866
m8_13,mean,STL10,8,0.9960438999489535,0.97125,0.6465277166584763
m8_13,mean,SUN397,8,0.8762644871708982,0.6318891687657431,0.6563271749441653
m8_14,mean,Cars,8,0.7697875688434304,0.5964432284541724,0.7252923495516658
m8_14,mean,FER2013,8,0.7627639155470248,0.492059069378657,0.7230980345824619
m8_14,mean,Food101,8,0.9332203238613551,0.8272079207920792,0.7040459657932877
m8_14,mean,MNIST,8,0.8756897762616634,0.4825,0.6783059352196629
m8_14,mean,PCAM,8,0.7419656786271451,0.606201171875,0.7774804609643649
m8_14,mean,STL10,8,0.996681980602348,0.97125,0.6802821078417746
m8_14,mean,SUN397,8,0.8749916259127755,0.6318891687657431,0.6845523835268738
m8_14,mean,SVHN,8,0.5997318400504772,0.3160725261216964,0.6934977746244025
m12_34,mean,CIFAR10,12,0.9519485819220568,0.8983,0.6923534124615263
m12_34,mean,CIFAR100,12,0.7978197347718587,0.642,0.6643903268311987
m12_34,mean,Cars,12,0.7494885916601102,0.5964432284541724,0.7871116654753062
m12_34,mean,DTD,12,0.6009485094850949,0.4441489361702128,0.7260496243077731
m12_34,mean,EMNIST,12,0.38223135319319523,0.171975,0.7646574183257094
m12_34,mean,EuroSAT,12,0.6361590397599399,0.45444444444444443,0.7636334732237959
m12_34,mean,Flowers102,12,0.7503615328994939,0.6631972678484307,0.7206318305522753
m12_34,mean,KMNIST,12,0.11128033302873389,0.0977,0.7689106045767033
m12_34,mean,MNIST,12,0.7237885020567875,0.4825,0.7515874463881288
m12_34,mean,OxfordIIITPet,12,0.9571683521713267,0.8743526846552194,0.7394201504204212
m12_34,mean,RESISC45,12,0.7055997349237906,0.6022222222222222,0.7451572982619792
m12_34,mean,STL10,12,0.9910668708524757,0.97125,0.6770188298487334
m12_30,mean,CIFAR10,12,0.952050601917976,0.8983,0.7076354233881234
m12_30,mean,CIFAR100,12,0.784895482130816,0.642,0.6739005965797018
m12_30,mean,DTD,12,0.5928184281842819,0.4441489361702128,0.7344756889067777
m12_30,mean,EMNIST,12,0.4148773582542029,0.171975,0.7458487359414788
m12_30,mean,FER2013,12,0.7216890595009597,0.492059069378657,0.7745707853590095
m12_30,mean,Food101,12,0.9085515457019226,0.8272079207920792,0.7706971892245297
m12_30,mean,GTSRB,12,0.46575013987690833,0.32557403008709423,0.7367695962691166
m12_30,mean,KMNIST,12,0.11026500152299726,0.0977,0.7596931904539417
m12_30,mean,MNIST,12,0.7967292063810575,0.4825,0.7029632679011002
m12_30,mean,RenderedSST2,12,0.8149779735682819,0.585941790225151,0.8250309328628658
m12_30,mean,SUN397,12,0.8552957727607691,0.6318891687657431,0.7402216545348952
m12_30,mean,SVHN,12,0.5902279359570944,0.3160725261216964,0.7415575750525722
m12_27,mean,CIFAR10,12,0.9560293817588248,0.8983,0.6689726215807518
m12_27,mean,CIFAR100,12,0.8180489997752304,0.642,0.6526340741366458
m12_27,mean,Cars,12,0.7483870967741936,0.5964432284541724,0.7878826431117767
m12_27,mean,EMNIST,12,0.359857690476787,0.171975,0.7896798948004924
m12_27,mean,EuroSAT,12,0.6024006001500375,0.45444444444444443,0.7581361981991298
m12_27,mean,FER2013,12,0.7358925143953935,0.492059069378657,0.7747000340256154
m12_27,mean,FashionMNIST,12,0.7709163346613546,0.6302,0.7553024410240826
m12_27,mean,Flowers102,12,0.7545191612436732,0.6631972678484307,0.7392777273794661
m12_27,mean,Food101,12,0.9140384529598073,0.8272079207920792,0.7552893378324843
m12_27,mean,GTSRB,12,0.4611941491487491,0.32557403008709423,0.7589678032554183
m12_27,mean,STL10,12,0.9924706482899438,0.97125,0.6739962342585225
m12_27,mean,SUN397,12,0.8660815971059155,0.6318891687657431,0.7292801036139858
m12_28,mean,CIFAR10,12,0.9446031422158743,0.8983,0.736908701191446
m12_28,mean,Cars,12,0.7671125098347757,0.5964432284541724,0.7795350991958175
m12_28,mean,EMNIST,12,0.39385663818805905,0.171975,0.7852460901200624
m12_28,mean,FER2013,12,0.7220729366602687,0.492059069378657,0.7770937606362034
m12_28,mean,Flowers102,12,0.7577729573391179,0.6631972678484307,0.7285071780093197
m12_28,mean,Food101,12,0.9288486416558861,0.8272079207920792,0.7599578499809468
m12_28,mean,GTSRB,12,0.43849412516985053,0.32557403008709423,0.7567435040960641
m12_28,mean,KMNIST,12,0.10407147933800386,0.0977,0.7800665513822218
m12_28,mean,OxfordIIITPet,12,0.9643069601427722,0.8743526846552194,0.7408630176366199
m12_28,mean,RESISC45,12,0.7064280980781974,0.6022222222222222,0.7519047453835137
m12_28,mean,RenderedSST2,12,0.8311306901615272,0.585941790225151,0.8250811172354745
m12_28,mean,SUN397,12,0.8613251155624037,0.6318891687657431,0.7256481682325889
m12_32,mean,CIFAR100,12,0.7818610923803101,0.642,0.6840835599227524
m12_32,mean,Cars,12,0.7609756097560976,0.5964432284541724,0.7855617578868807
m12_32,mean,EMNIST,12,0.36867687219702855,0.171975,0.7825928615140954
m12_32,mean,EuroSAT,12,0.5843960990247562,0.45444444444444443,0.7676581200682697
m12_32,mean,FashionMNIST,12,0.7634724260851331,0.6302,0.7607230858051421
m12_32,mean,Flowers102,12,0.755242227042661,0.6631972678484307,0.7309766830140875
m12_32,mean,GTSRB,12,0.4606346415154664,0.32557403008709423,0.7606601833419591
m12_32,mean,KMNIST,12,0.1069144075540664,0.0977,0.7752387541353408
m12_32,mean,OxfordIIITPet,12,0.9607376561570493,0.8743526846552194,0.7391107362851891
m12_32,mean,PCAM,12,0.7489686254116832,0.606201171875,0.8347926583483622
m12_32,mean,STL10,12,0.9905564063297599,0.97125,0.7020116204755688
m12_32,mean,SUN397,12,0.8634018891940778,0.6318891687657431,0.7415848058571622
m12_35,mean,CIFAR10,12,0.9552132217914712,0.8983,0.6773513039716117
m12_35,mean,CIFAR100,12,0.8040008990784446,0.642,0.6580623340784622
m12_35,mean,Cars,12,0.752006294256491,0.5964432284541724,0.7896778661877191
m12_35,mean,DTD,12,0.6077235772357723,0.4441489361702128,0.7377846704130877
m12_35,mean,FER2013,12,0.7435700575815739,0.492059069378657,0.7740911440903548
m12_35,mean,FashionMNIST,12,0.7739568043615014,0.6302,0.7506289607237487
m12_35,mean,Flowers102,12,0.752711496746204,0.6631972678484307,0.7377579582928486
m12_35,mean,Food101,12,0.9129678369094884,0.8272079207920792,0.7567182037340234
m12_35,mean,KMNIST,12,0.1093512031678343,0.0977,0.7715804063564041
m12_35,mean,MNIST,12,0.7771646433229658,0.4825,0.7398252590800911
m12_35,mean,STL10,12,0.9895354772843287,0.97125,0.6907674280231342
m12_35,mean,SVHN,12,0.5443646975313511,0.3160725261216964,0.7599135370388408
m12_29,mean,CIFAR100,12,0.7826477860193302,0.642,0.6917886263966575
m12_29,mean,Cars,12,0.7798583792289535,0.5964432284541724,0.7864106325457075
m12_29,mean,DTD,12,0.6104336043360433,0.4441489361702128,0.7279634793623365
m12_29,mean,EMNIST,12,0.39944379024378024,0.171975,0.7699857734022001
m12_29,mean,EuroSAT,12,0.605026256564141,0.45444444444444443,0.768583568139725
m12_29,mean,FashionMNIST,12,0.7631578947368421,0.6302,0.7654119895889666
m12_29,mean,Flowers102,12,0.7635574837310195,0.6631972678484307,0.7348857936404505
m12_29,mean,Food101,12,0.9215773743141366,0.8272079207920792,0.7605217444785444
m12_29,mean,GTSRB,12,0.45711773639197506,0.32557403008709423,0.7508291697144203
m12_29,mean,MNIST,12,0.7330189625765025,0.4825,0.7543482894060654
m12_29,mean,PCAM,12,0.7275784364707921,0.606201171875,0.8372259068335444
m12_29,mean,SUN397,12,0.8615930863535874,0.6318891687657431,0.735258446869569
m12_33,mean,CIFAR10,12,0.9558253417669863,0.8983,0.6783647597425053
m12_33,mean,CIFAR100,12,0.8088334457181389,0.642,0.6525907792644693
m12_33,mean,DTD,12,0.6036585365853658,0.4441489361702128,0.7161131293933227
m12_33,mean,EMNIST,12,0.36742414752085784,0.171975,0.7909504263907876
m12_33,mean,FER2013,12,0.7347408829174664,0.492059069378657,0.7742843805422892
m12_33,mean,FashionMNIST,12,0.7712308660096456,0.6302,0.7606936683424071
m12_33,mean,Flowers102,12,0.755061460592914,0.6631972678484307,0.7243049033858852
m12_33,mean,GTSRB,12,0.45679801774438494,0.32557403008709423,0.7561850413000734
m12_33,mean,OxfordIIITPet,12,0.9607376561570493,0.8743526846552194,0.7412030459903556
m12_33,mean,RESISC45,12,0.7002982107355865,0.6022222222222222,0.7398830945032753
m12_33,mean,STL10,12,0.9938744257274119,0.97125,0.6640068706526294
m12_33,mean,SUN397,12,0.8644737723588128,0.6318891687657431,0.7122982132647298
m4_00,actmat,CIFAR100,4,0.9126770060687796,0.642,0.0400348966945206
m4_00,actmat,Flowers102,4,0.8830441070137384,0.6631972678484307,0.1063920404544076
m4_00,actmat,MNIST,4,0.9986956957961272,0.4825,0.0086771536751805
m4_00,actmat,OxfordIIITPet,4,0.991076740035693,0.8743526846552194,0.0843206461697199
m4_02,actmat,FER2013,4,0.9305182341650671,0.492059069378657,0.0487851726592439
m4_02,actmat,KMNIST,4,0.9967509391816428,0.0977,0.0222531459107904
m4_02,actmat,RESISC45,4,0.9802849569251159,0.6022222222222222,0.050543073020776
m4_02,actmat,RenderedSST2,4,0.9977973568281938,0.585941790225151,0.0184519807572278
m4_06,actmat,DTD,4,0.9234417344173442,0.4441489361702128,0.0616574948826125
m4_06,actmat,KMNIST,4,0.9950248756218906,0.0977,0.0155796747776889
m4_06,actmat,RESISC45,4,0.9625579854208085,0.6022222222222222,0.0492634218180748
m4_06,actmat,STL10,4,0.9951505870342011,0.97125,0.0914632389391457
m4_04,actmat,EMNIST,4,0.9991982562072509,0.171975,0.0087858258823948
m4_04,actmat,Flowers102,4,0.85412147505423,0.6631972678484307,0.1233775837320653
m4_04,actmat,STL10,4,0.9899183256763654,0.97125,0.0862220856866374
m4_04,actmat,SVHN,4,0.9476299392696585,0.3160725261216964,0.0140618680221356
m4_10,actmat,CIFAR10,4,0.9641909814323608,0.8983,0.0626658539741691
m4_10,actmat,FashionMNIST,4,0.9866848395890124,0.6302,0.0377425637532535
m4_10,actmat,GTSRB,4,0.9718647590120695,0.32557403008709423,0.0266419550691257
m4_10,actmat,RESISC45,4,0.9657057654075546,0.6022222222222222,0.0467234104074981
m4_07,actmat,FER2013,4,0.9604606525911707,0.492059069378657,0.0362193079498163
m4_07,actmat,GTSRB,4,0.9810566701302854,0.32557403008709423,0.0227105412949535
m4_07,actmat,OxfordIIITPet,4,0.9785841760856633,0.8743526846552194,0.1030203356258428
m4_07,actmat,RESISC45,4,0.9744864148442677,0.6022222222222222,0.0440754136008036
m4_01,actmat,Food101,4,0.9421421242806798,0.8272079207920792,0.0827247140347335
m4_01,actmat,MNIST,4,0.998996689073944,0.4825,0.0094371297744719
m4_01,actmat,RESISC45,4,0.9852551358515573,0.6022222222222222,0.0455633331681014
m4_01,actmat,RenderedSST2,4,0.9904552129221733,0.585941790225151,0.0154111422728574
m4_03,actmat,DTD,4,0.9058265582655828,0.4441489361702128,0.0839193264504974
m4_03,actmat,EMNIST,4,0.9994488011424849,0.171975,0.0117324065069751
m4_03,actmat,Food101,4,0.8549315251817817,0.8272079207920792,0.1162217569606417
m4_03,actmat,SVHN,4,0.9528748324000316,0.3160725261216964,0.0189950693903784
m4_11,actmat,Cars,4,0.950432730133753,0.5964432284541724,0.0365896135888846
m4_11,actmat,FER2013,4,0.9439539347408828,0.492059069378657,0.0516273991366118
m4_11,actmat,FashionMNIST,4,0.9832249947578109,0.6302,0.0465135121080307
m4_11,actmat,GTSRB,4,0.9765006794021261,0.32557403008709423,0.028385564637801
m4_09,actmat,CIFAR10,4,0.9773515609059376,0.8983,0.0608103688538809
m4_09,actmat,Cars,4,0.8546026750590088,0.5964432284541724,0.0318710611983365
m4_09,actmat,MNIST,4,0.9980937092404936,0.4825,0.0109800786036253
m4_09,actmat,STL10,4,0.9941296579887697,0.97125,0.106700251170656
m4_05,actmat,Cars,4,0.9540519276160504,0.5964432284541724,0.0335180289226372
m4_05,actmat,DTD,4,0.9613821138211383,0.4441489361702128,0.066962425207429
m4_05,actmat,Food101,4,0.9507516616853281,0.8272079207920792,0.0972581398821287
m4_05,actmat,GTSRB,4,0.9863320278155223,0.32557403008709423,0.0222224081868898
m8_20,actmat,CIFAR10,8,0.9670475413180983,0.8983,0.1338219506930126
m8_20,actmat,DTD,8,0.853658536585366,0.4441489361702128,0.1429798277420115
m8_20,actmat,EuroSAT,8,0.90847711927982,0.45444444444444443,0.0963635605588831
m8_20,actmat,FER2013,8,0.9059500959692898,0.492059069378657,0.1042236773188616
m8_20,actmat,FashionMNIST,8,0.9658209268190396,0.6302,0.0966380025539863
m8_20,actmat,Flowers102,8,0.8181489515545916,0.6631972678484307,0.2385430078379184
m8_20,actmat,KMNIST,8,0.9562392121027515,0.0977,0.0484774346267101
m8_20,actmat,RESISC45,8,0.8853545394300861,0.6022222222222222,0.1238254879939005
m8_17,actmat,CIFAR100,8,0.8287255563047876,0.642,0.1428824837135579
m8_17,actmat,Cars,8,0.9046420141620771,0.5964432284541724,0.0840809032810163
m8_17,actmat,DTD,8,0.9037940379403795,0.4441489361702128,0.1550784886506806
m8_17,actmat,EMNIST,8,0.9948638288277003,0.171975,0.0268311601609079
m8_17,actmat,Flowers102,8,0.8109182935647145,0.6631972678484307,0.2676919779380329
m8_17,actmat,MNIST,8,0.9313735326577707,0.4825,0.04022501126539
m8_17,actmat,RESISC45,8,0.9494698475811796,0.6022222222222222,0.1223180536586628
m8_17,actmat,RenderedSST2,8,0.9728340675477241,0.585941790225151,0.0474675246749381
m4_08,actmat,CIFAR100,4,0.948977298269274,0.642,0.035623166600503
m4_08,actmat,Flowers102,4,0.8749096167751267,0.6631972678484307,0.1111628005722216
m4_08,actmat,PCAM,4,0.8924943664413243,0.606201171875,0.0290486576400731
m4_08,actmat,RenderedSST2,4,0.9809104258443465,0.585941790225151,0.0113549902097792
m8_16,actmat,CIFAR100,8,0.8486176668914363,0.642,0.1285109671500324
m8_16,actmat,Cars,8,0.9002360346184107,0.5964432284541724,0.0723470922641486
m8_16,actmat,Flowers102,8,0.8241142443962401,0.6631972678484307,0.227898061454197
m8_16,actmat,GTSRB,8,0.9255055551115019,0.32557403008709423,0.0584668664012305
m8_16,actmat,MNIST,8,0.9963880806661984,0.4825,0.0255518424752563
m8_16,actmat,RESISC45,8,0.9604042412193505,0.6022222222222222,0.1031099690491415
m8_16,actmat,RenderedSST2,8,0.9676945668135096,0.585941790225151,0.0381698254370127
m8_16,actmat,STL10,8,0.9961715160796324,0.97125,0.1906812164649103
m8_21,actmat,CIFAR100,8,0.8235558552483704,0.642,0.1460531273755358
m8_21,actmat,Cars,8,0.930763178599528,0.5964432284541724,0.0799776917431887
m8_21,actmat,DTD,8,0.9031165311653117,0.4441489361702128,0.148569101356608
m8_21,actmat,EuroSAT,8,0.9152288072018004,0.45444444444444443,0.0884623942789638
m8_21,actmat,GTSRB,8,0.9253456957877069,0.32557403008709423,0.0667069708472248
m8_21,actmat,KMNIST,8,0.8855721393034826,0.0977,0.057382431075559
m8_21,actmat,MNIST,8,0.9875589445169057,0.4825,0.0349536270404239
m8_21,actmat,OxfordIIITPet,8,0.9857227840571089,0.8743526846552194,0.2270396983138417
m8_12,actmat,CIFAR100,8,0.7969206563272645,0.642,0.1401743738418821
m8_12,actmat,Cars,8,0.8692368214004721,0.5964432284541724,0.0770510618102739
m8_12,actmat,EMNIST,8,0.9989477112720166,0.171975,0.0199512539164801
m8_12,actmat,EuroSAT,8,0.9171042760690172,0.45444444444444443,0.0864407467549255
m8_12,actmat,FashionMNIST,8,0.9360452925141539,0.6302,0.0952355446633872
m8_12,actmat,Flowers102,8,0.7870571221981201,0.6631972678484307,0.2494397099055787
m8_12,actmat,PCAM,8,0.9095857167620038,0.606201171875,0.0862928744882818
m8_12,actmat,STL10,8,0.9938744257274119,0.97125,0.2069314820900823
m8_19,actmat,Cars,8,0.8715971675845792,0.5964432284541724,0.0759951114762017
m8_19,actmat,DTD,8,0.8963414634146342,0.4441489361702128,0.143256393854413
m8_19,actmat,EuroSAT,8,0.9028507126781695,0.45444444444444443,0.0947443574063434
m8_19,actmat,Food101,8,0.9147521969933533,0.8272079207920792,0.204557132512827
m8_19,actmat,GTSRB,8,0.9291023898968908,0.32557403008709423,0.0566332864087046
m8_19,actmat,KMNIST,8,0.9829424307036247,0.0977,0.0441374791692346
m8_19,actmat,RESISC45,8,0.9135188866799205,0.6022222222222222,0.1275881487104567
m8_19,actmat,STL10,8,0.9900459418070444,0.97125,0.1958134449269951
m12_25,actmat,CIFAR10,12,0.9503162619873495,0.8983,0.2194331706479866
m12_25,actmat,CIFAR100,12,0.7983816587997303,0.642,0.2230618289101919
m12_25,actmat,Cars,12,0.8343036978756884,0.5964432284541724,0.1151074727329687
m12_25,actmat,DTD,12,0.8414634146341463,0.4441489361702128,0.206427320204518
m12_25,actmat,EMNIST,12,0.9986721118432592,0.171975,0.0339289708415933
m12_25,actmat,EuroSAT,12,0.9013503375843961,0.45444444444444443,0.1244478041783287
m12_25,actmat,FER2013,12,0.8905950095969288,0.492059069378657,0.1626373523235901
m12_25,actmat,FashionMNIST,12,0.9215768504927658,0.6302,0.1452419590334003
m12_25,actmat,Flowers102,12,0.7678958785249458,0.6631972678484307,0.3346131038121611
m12_25,actmat,GTSRB,12,0.8626009111981456,0.32557403008709423,0.0938546398018922
m12_25,actmat,OxfordIIITPet,12,0.9663890541344439,0.8743526846552194,0.3036363605777468
m12_25,actmat,RenderedSST2,12,0.9632892804698971,0.585941790225151,0.0654238156789221
m8_23,actmat,CIFAR100,8,0.8368172623061362,0.642,0.153358762016156
m8_23,actmat,Cars,8,0.9224232887490166,0.5964432284541724,0.0841557971642582
m8_23,actmat,DTD,8,0.8624661246612466,0.4441489361702128,0.1540665923932109
m8_23,actmat,EuroSAT,8,0.8934733683420856,0.45444444444444443,0.0938008671257425
m8_23,actmat,MNIST,8,0.9968897361292265,0.4825,0.0358861275395012
m8_23,actmat,OxfordIIITPet,8,0.9878048780487805,0.8743526846552194,0.2287003339513893
m8_23,actmat,SUN397,8,0.923561331814832,0.6318891687657431,0.1746876244947482
m8_23,actmat,SVHN,8,0.9411625522517549,0.3160725261216964,0.0395739231335052
m8_22,actmat,CIFAR10,8,0.9674556213017752,0.8983,0.1593982034337685
m8_22,actmat,CIFAR100,8,0.8431108114182961,0.642,0.1573433176239662
m8_22,actmat,Cars,8,0.8391817466561763,0.5964432284541724,0.0796705546739381
m8_22,actmat,DTD,8,0.8949864498644987,0.4441489361702128,0.1416392758221988
m8_22,actmat,FashionMNIST,8,0.966345145732858,0.6302,0.0889992620808244
m8_22,actmat,GTSRB,8,0.9243865398449366,0.32557403008709423,0.0585632692877301
m8_22,actmat,STL10,8,0.9954058192955589,0.97125,0.2047889156335035
m8_22,actmat,SUN397,8,0.9316004555503449,0.6318891687657431,0.1600157679418643
m12_24,actmat,CIFAR10,12,0.9582738216690472,0.8983,0.2104643119650769
m12_24,actmat,CIFAR100,12,0.8019779725781074,0.642,0.2240649172258885
m12_24,actmat,DTD,12,0.8245257452574526,0.4441489361702128,0.2134373553365694
m12_24,actmat,EuroSAT,12,0.8870967741935484,0.45444444444444443,0.1422037780528134
m12_24,actmat,FER2013,12,0.8698656429942417,0.492059069378657,0.1613759857255995
m12_24,actmat,FashionMNIST,12,0.9362549800796813,0.6302,0.1457454529379919
m12_24,actmat,Flowers102,12,0.7789226319595083,0.6631972678484307,0.3388429811048993
m12_24,actmat,GTSRB,12,0.8541283670370075,0.32557403008709423,0.0958396201523163
m12_24,actmat,KMNIST,12,0.8085084780180729,0.0977,0.0867541137795764
m12_24,actmat,MNIST,12,0.9831443764422594,0.4825,0.0504661585107221
m12_24,actmat,RESISC45,12,0.8543737574552684,0.6022222222222222,0.1864365771606773
m12_24,actmat,SUN397,12,0.9022576539157232,0.6318891687657431,0.2357157644939323
m8_15,actmat,Cars,8,0.9334382376081826,0.5964432284541724,0.0751651493967585
m8_15,actmat,DTD,8,0.8976964769647696,0.4441489361702128,0.1402911705286593
m8_15,actmat,EuroSAT,8,0.9264816204051013,0.45444444444444443,0.0808937613101546
m8_15,actmat,FashionMNIST,8,0.9746278045711889,0.6302,0.0788567082764206
m8_15,actmat,Food101,8,0.9285363786412097,0.8272079207920792,0.2004355056159618
m8_15,actmat,GTSRB,8,0.9543601630565104,0.32557403008709423,0.053367999528654
m8_15,actmat,OxfordIIITPet,8,0.9940511600237955,0.8743526846552194,0.2026953891970264
m8_15,actmat,SUN397,8,0.9389026596101023,0.6318891687657431,0.1540242400687184
m12_26,actmat,CIFAR100,12,0.7424140256237356,0.642,0.2387451418574147
m12_26,actmat,Cars,12,0.8774193548387097,0.5964432284541724,0.1342475644263965
m12_26,actmat,DTD,12,0.8462059620596206,0.4441489361702128,0.2509463447117454
m12_26,actmat,EMNIST,12,0.9868213364066846,0.171975,0.0496686670496941
m12_26,actmat,EuroSAT,12,0.8668417104276069,0.45444444444444443,0.1450136451481534
m12_26,actmat,FashionMNIST,12,0.9291256028517509,0.6302,0.1673093282490184
m12_26,actmat,Food101,12,0.8452513717268144,0.8272079207920792,0.3509043959647371
m12_26,actmat,KMNIST,12,0.652756625038075,0.0977,0.1075125323528009
m12_26,actmat,MNIST,12,0.9408046553626969,0.4825,0.0714484354250156
m12_26,actmat,PCAM,12,0.9388802218755417,0.606201171875,0.1442749807174059
m12_26,actmat,RenderedSST2,12,0.9632892804698971,0.585941790225151,0.080159995654357
m12_26,actmat,SVHN,12,0.8714015300891238,0.3160725261216964,0.0689610332576296
m8_18,actmat,FER2013,8,0.9420345489443377,0.492059069378657,0.088618483358716
m8_18,actmat,FashionMNIST,8,0.9758859299643531,0.6302,0.0766396766327406
m8_18,actmat,Flowers102,8,0.8277295733911786,0.6631972678484307,0.2067682836653364
m8_18,actmat,GTSRB,8,0.9382943010151068,0.32557403008709423,0.0469249557082126
m8_18,actmat,OxfordIIITPet,8,0.9779892920880429,0.8743526846552194,0.1994970611847509
m8_18,actmat,PCAM,8,0.9276477725775698,0.606201171875,0.0718695737518915
m8_18,actmat,STL10,8,0.9892802450229708,0.97125,0.1784909276124812
m8_18,actmat,SUN397,8,0.9386346888189186,0.6318891687657431,0.1247004821063542
m8_13,actmat,DTD,8,0.8861788617886178,0.4441489361702128,0.1324151947334794
m8_13,actmat,EuroSAT,8,0.9654913728432108,0.45444444444444443,0.0808154764950282
m8_13,actmat,Flowers102,8,0.8456254519161244,0.6631972678484307,0.2111580653375526
m8_13,actmat,Food101,8,0.9112280858277201,0.8272079207920792,0.1822920350357189
m8_13,actmat,PCAM,8,0.8741202981452592,0.606201171875,0.0777615920595325
m8_13,actmat,RESISC45,8,0.8954605699138501,0.6022222222222222,0.1172049714847843
m8_13,actmat,STL10,8,0.996809596733027,0.97125,0.1625281239599355
m8_13,actmat,SUN397,8,0.9380317545387553,0.6318891687657431,0.1365104012431546
m12_34,actmat,CIFAR10,12,0.9611303815547848,0.8983,0.2156781281989265
m12_34,actmat,CIFAR100,12,0.8093953697460102,0.642,0.2181034427029287
m12_34,actmat,Cars,12,0.7727773406766325,0.5964432284541724,0.1169540695028151
m12_34,actmat,DTD,12,0.8489159891598916,0.4441489361702128,0.2085753412541638
m12_34,actmat,EMNIST,12,0.9921829980206951,0.171975,0.040789795559232
m12_34,actmat,EuroSAT,12,0.9208552138034508,0.45444444444444443,0.137201605052808
m12_34,actmat,Flowers102,12,0.7742227042660883,0.6631972678484307,0.3352071671091182
m12_34,actmat,KMNIST,12,0.6467661691542289,0.0977,0.0911396482633113
m12_34,actmat,MNIST,12,0.9041838065616534,0.4825,0.0563308067173249
m12_34,actmat,OxfordIIITPet,12,0.9619274241522904,0.8743526846552194,0.308932324419923
m12_34,actmat,RESISC45,12,0.8845261762756792,0.6022222222222222,0.1830784493740976
m12_34,actmat,STL10,12,0.9840479836651352,0.97125,0.2817135850178979
m12_31,actmat,CIFAR10,12,0.9274637829014487,0.8983,0.2118082001027509
m12_31,actmat,EuroSAT,12,0.7685671417854463,0.45444444444444443,0.1476969276788715
m12_31,actmat,FER2013,12,0.8641074856046065,0.492059069378657,0.1676660154648366
m12_31,actmat,FashionMNIST,12,0.9419165443489201,0.6302,0.1504376310853772
m12_31,actmat,Food101,12,0.7773564705357541,0.8272079207920792,0.313969305409736
m12_31,actmat,GTSRB,12,0.8299096794820559,0.32557403008709423,0.1011499965392923
m12_31,actmat,KMNIST,12,0.8133820692456087,0.0977,0.0908182888971677
m12_31,actmat,MNIST,12,0.9854519915721881,0.4825,0.0580734890434763
m12_31,actmat,PCAM,12,0.9147512567169354,0.606201171875,0.1309962703339226
m12_31,actmat,RESISC45,12,0.8001988071570577,0.6022222222222222,0.1909312485549931
m12_31,actmat,STL10,12,0.9743491577335375,0.97125,0.2863779407402315
m12_31,actmat,SVHN,12,0.9122959223913558,0.3160725261216964,0.0616613418198605
m8_14,actmat,Cars,8,0.8734854445318647,0.5964432284541724,0.0867470206984549
m8_14,actmat,FER2013,8,0.9205374280230325,0.492059069378657,0.1138769834207838
m8_14,actmat,Food101,8,0.8865593076682875,0.8272079207920792,0.2244539635231126
m8_14,actmat,MNIST,8,0.9962877495735928,0.4825,0.0370558517013076
m8_14,actmat,PCAM,8,0.9543768417403363,0.606201171875,0.0892739260143796
m8_14,actmat,STL10,8,0.9909392547217968,0.97125,0.2111196588318178
m8_14,actmat,SUN397,8,0.9333422656930395,0.6318891687657431,0.1690982551797673
m8_14,actmat,SVHN,8,0.952243867812919,0.3160725261216964,0.0387272305955247
m12_35,actmat,CIFAR10,12,0.9623546215058152,0.8983,0.2195990111981944
m12_35,actmat,CIFAR100,12,0.8243425488873904,0.642,0.2261927765270497
m12_35,actmat,Cars,12,0.8059795436664045,0.5964432284541724,0.1187490086379509
m12_35,actmat,DTD,12,0.8685636856368564,0.4441489361702128,0.2137638216316625
m12_35,actmat,FER2013,12,0.8856046065259117,0.492059069378657,0.1672144861869838
m12_35,actmat,FashionMNIST,12,0.9461102956594674,0.6302,0.1504715486561682
m12_35,actmat,Flowers102,12,0.767172812725958,0.6631972678484307,0.3461026946845206
m12_35,actmat,Food101,12,0.876566891198644,0.8272079207920792,0.3061660533902328
m12_35,actmat,KMNIST,12,0.8098284089755304,0.0977,0.0903034372828239
m12_35,actmat,MNIST,12,0.9870572890538778,0.4825,0.0579797704523351
m12_35,actmat,STL10,12,0.9857069933639612,0.97125,0.2797327291128549
m12_35,actmat,SVHN,12,0.8976654310276837,0.3160725261216964,0.0592166599596589
m12_27,actmat,CIFAR10,12,0.9493980820240767,0.8983,0.2195884978390875
m12_27,actmat,CIFAR100,12,0.7701730726005844,0.642,0.2290622420836667
m12_27,actmat,Cars,12,0.7603461841070025,0.5964432284541724,0.1192284376791023
m12_27,actmat,EMNIST,12,0.998421566908025,0.171975,0.0339205539358592
m12_27,actmat,EuroSAT,12,0.8953488372093024,0.45444444444444443,0.1267809115379285
m12_27,actmat,FER2013,12,0.8760076775431861,0.492059069378657,0.1624107546663199
m12_27,actmat,FashionMNIST,12,0.900398406374502,0.6302,0.1461479888936545
m12_27,actmat,Flowers102,12,0.7628344179320319,0.6631972678484307,0.335861142154669
m12_27,actmat,Food101,12,0.8618013115046617,0.8272079207920792,0.3006040441934621
m12_27,actmat,GTSRB,12,0.826632563344257,0.32557403008709423,0.0946184597409783
m12_27,actmat,STL10,12,0.9849412965798876,0.97125,0.2768528536940245
m12_27,actmat,SUN397,12,0.900113887586253,0.6318891687657431,0.2334833259503297
m12_30,actmat,CIFAR10,12,0.9314425627422975,0.8983,0.2381517368097841
m12_30,actmat,CIFAR100,12,0.7297145425938413,0.642,0.2551094882621789
m12_30,actmat,DTD,12,0.8462059620596206,0.4441489361702128,0.2459320146418797
m12_30,actmat,EMNIST,12,0.9897276576554005,0.171975,0.0516397987320195
m12_30,actmat,FER2013,12,0.8310940499040307,0.492059069378657,0.1909481139843834
m12_30,actmat,Food101,12,0.8411919525360217,0.8272079207920792,0.3520336622669922
m12_30,actmat,GTSRB,12,0.8331867956198545,0.32557403008709423,0.1199710848838456
m12_30,actmat,KMNIST,12,0.6266626053406437,0.0977,0.1105843755320386
m12_30,actmat,MNIST,12,0.9275609511387579,0.4825,0.0753675858062259
m12_30,actmat,RenderedSST2,12,0.9441997063142438,0.585941790225151,0.0843361127913236
m12_30,actmat,SUN397,12,0.9056742815033161,0.6318891687657431,0.2751960111212367
m12_30,actmat,SVHN,12,0.893564161211452,0.3160725261216964,0.0738664058001558
m12_33,actmat,CIFAR10,12,0.9477657620893696,0.8983,0.2088805635772715
m12_33,actmat,CIFAR100,12,0.7756799280737244,0.642,0.2175685198581354
m12_33,actmat,DTD,12,0.8265582655826559,0.4441489361702128,0.2016919250357769
m12_33,actmat,EMNIST,12,0.9988725477914465,0.171975,0.0323761518399117
m12_33,actmat,FER2013,12,0.8671785028790786,0.492059069378657,0.1553361795465023
m12_33,actmat,FashionMNIST,12,0.9098343468232334,0.6302,0.140868908907888
m12_33,actmat,Flowers102,12,0.7639190166305134,0.6631972678484307,0.3207468960770136
m12_33,actmat,GTSRB,12,0.8392614499240668,0.32557403008709423,0.089933891929195
m12_33,actmat,OxfordIIITPet,12,0.9562760261748959,0.8743526846552194,0.2988211744079602
m12_33,actmat,RESISC45,12,0.8836978131212724,0.6022222222222222,0.1643446090389376
m12_33,actmat,STL10,12,0.9849412965798876,0.97125,0.2667018318421815
m12_33,actmat,SUN397,12,0.8932806324110671,0.6318891687657431,0.224784747809698
m12_32,actmat,CIFAR100,12,0.7217352213980669,0.642,0.2154314360868276
m12_32,actmat,Cars,12,0.842486231313926,0.5964432284541724,0.1184180106520052
m12_32,actmat,EMNIST,12,0.9975697141282289,0.171975,0.0377887877715902
m12_32,actmat,EuroSAT,12,0.8908477119279821,0.45444444444444443,0.1268352712759006
m12_32,actmat,FashionMNIST,12,0.9147620046131265,0.6302,0.1450798118800527
m12_32,actmat,Flowers102,12,0.7707881417208966,0.6631972678484307,0.338509905513266
m12_32,actmat,GTSRB,12,0.8574054831748062,0.32557403008709423,0.0936560623528367
m12_32,actmat,KMNIST,12,0.7089044573053103,0.0977,0.0898228735557029
m12_32,actmat,OxfordIIITPet,12,0.9669839381320643,0.8743526846552194,0.3084025998928268
m12_32,actmat,PCAM,12,0.9179753856820939,0.606201171875,0.1238362403793462
m12_32,actmat,STL10,12,0.9832822868810618,0.97125,0.285842403031802
m12_32,actmat,SUN397,12,0.89669725999866,0.6318891687657431,0.2343563663089131
m12_28,actmat,CIFAR10,12,0.931238522750459,0.8983,0.2091943610310372
m12_28,actmat,Cars,12,0.7963808025177026,0.5964432284541724,0.1220859384603626
m12_28,actmat,EMNIST,12,0.9980457495051738,0.171975,0.0397940730269976
m12_28,actmat,FER2013,12,0.8664107485604606,0.492059069378657,0.1660791236863269
m12_28,actmat,Flowers102,12,0.7883224873463485,0.6631972678484307,0.3339368914746796
m12_28,actmat,Food101,12,0.8873622697060267,0.8272079207920792,0.305388119704047
m12_28,actmat,GTSRB,12,0.8350251778434978,0.32557403008709423,0.0970910744478868
m12_28,actmat,KMNIST,12,0.7169255762006295,0.0977,0.0935439574307729
m12_28,actmat,OxfordIIITPet,12,0.9646044021415824,0.8743526846552194,0.3116929017996651
m12_28,actmat,RESISC45,12,0.9012591119946985,0.6022222222222222,0.1729490017381456
m12_28,actmat,RenderedSST2,12,0.9720998531571219,0.585941790225151,0.0691030228259299
m12_28,actmat,SUN397,12,0.9050043545253568,0.6318891687657431,0.2444249560114218
m12_29,actmat,CIFAR100,12,0.7315126994830299,0.642,0.2187301511410726
m12_29,actmat,Cars,12,0.8928402832415421,0.5964432284541724,0.1216757858403526
m12_29,actmat,DTD,12,0.8313008130081301,0.4441489361702128,0.2257557315709811
m12_29,actmat,EMNIST,12,0.9932853957357253,0.171975,0.0406657367621291
m12_29,actmat,EuroSAT,12,0.8897224306076519,0.45444444444444443,0.1304698584983804
m12_29,actmat,FashionMNIST,12,0.9206332564478926,0.6302,0.1465121666274678
m12_29,actmat,Flowers102,12,0.7501807664497471,0.6631972678484307,0.3551955133414312
m12_29,actmat,Food101,12,0.8496676629343801,0.8272079207920792,0.3158086282248112
m12_29,actmat,GTSRB,12,0.845016385580689,0.32557403008709423,0.1004114118974725
m12_29,actmat,MNIST,12,0.9160228754891141,0.4825,0.0580254261050566
m12_29,actmat,PCAM,12,0.9335413416536662,0.606201171875,0.1291264621124979
m12_29,actmat,SUN397,12,0.8985730555369463,0.6318891687657431,0.2464754222720534
