subset_id,task,weight
m4_00,CIFAR100,0.5954135790999847
m4_00,Flowers102,1.8041880032400177
m4_00,MNIST,0.3526131240280013
m4_00,OxfordIIITPet,1.2477852936319964
m4_01,Food101,2.354860299759335
m4_01,MNIST,0.34720903753581384
m4_01,RESISC45,0.8920856624814
m4_01,RenderedSST2,0.4058450002234515
m4_02,FER2013,1.3602689402206385
m4_02,KMNIST,0.6375039419154552
m4_02,RESISC45,1.4303171248660933
m4_02,RenderedSST2,0.5719099929978133
m4_03,DTD,1.1900901723599682
m4_03,EMNIST,0.3407274000429462
m4_03,Food101,2.0827663385489807
m4_03,SVHN,0.3864160890481056
m4_04,EMNIST,0.3060412526548328
m4_04,Flowers102,2.1987349234615894
m4_04,STL10,1.1600963168141667
m4_04,SVHN,0.33512750706941125
m4_05,Cars,0.5849212136771921
m4_05,DTD,1.0745582245157157
m4_05,Food101,1.8642120270833376
m4_05,GTSRB,0.4763085347237547
m4_06,DTD,1.01166098847847
m4_06,KMNIST,0.4343036370648702
m4_06,RESISC45,0.8058494025921098
m4_06,STL10,1.7481859718645505
m4_07,FER2013,0.6067793123772754
m4_07,GTSRB,0.4667956569742748
m4_07,OxfordIIITPet,2.2196644685597637
m4_07,RESISC45,0.706760562088686
m4_08,CIFAR100,0.534181801151794
m4_08,Flowers102,2.68361628220249
m4_08,PCAM,0.4641684282436877
m4_08,RenderedSST2,0.3180334884020286
m4_09,CIFAR10,0.9179378704253819
m4_09,Cars,0.5294574191200486
m4_09,MNIST,0.3558871111346723
m4_09,STL10,2.196717599319897
m4_10,CIFAR10,1.4855186037680987
m4_10,FashionMNIST,0.8370000740511099
m4_10,GTSRB,0.648268883252516
m4_10,RESISC45,1.029212438928275
m4_11,Cars,0.8812062674811207
m4_11,FER2013,1.2741754018729743
m4_11,FashionMNIST,1.1240007059534016
m4_11,GTSRB,0.7206176246925038
m8_12,CIFAR100,0.981562734065294
m8_12,Cars,0.5805339454229955
m8_12,EMNIST,0.36099615004469865
m8_12,EuroSAT,0.6277061821812541
m8_12,FashionMNIST,0.6753604460218224
m8_12,Flowers102,2.4363438457376723
m8_12,PCAM,0.6269343746712353
m8_12,STL10,1.7105623218550283
m8_13,DTD,0.9154397493872964
m8_13,EuroSAT,0.6291487474323348
m8_13,Flowers102,1.6224994779236783
m8_13,Food101,1.3154303793086903
m8_13,PCAM,0.6153378595502476
m8_13,RESISC45,0.8196305371837488
m8_13,STL10,1.1394160877906676
m8_13,SUN397,0.9430971614233373
m8_14,Cars,0.6409873520327263
m8_14,FER2013,0.8016568292541704
m8_14,Food101,1.9948498365980878
m8_14,MNIST,0.42552967725269975
m8_14,PCAM,0.6544810308266408
m8_14,STL10,1.7871731487265696
m8_14,SUN397,1.2638882532372788
m8_14,SVHN,0.43143387207182704
m8_15,Cars,0.6112494894646646
m8_15,DTD,1.0369674636366024
m8_15,EuroSAT,0.6403388889267754
m8_15,FashionMNIST,0.6298396153151992
m8_15,Food101,1.689479927337637
m8_15,GTSRB,0.5121428588683431
m8_15,OxfordIIITPet,1.7207522320508248
m8_15,SUN397,1.1592295243999535
m8_16,CIFAR100,0.9930549375338723
m8_16,Cars,0.583410302164606
m8_16,Flowers102,2.545349216868198
m8_16,GTSRB,0.5115468630619455
m8_16,MNIST,0.374548096731377
m8_16,RESISC45,0.7807288942401226
m8_16,RenderedSST2,0.4220896677544747
m8_16,STL10,1.7892720216454046
m8_17,CIFAR100,1.027106641127793
m8_17,Cars,0.6042004253965039
m8_17,DTD,1.1465944577832015
m8_17,EMNIST,0.36043580970223427
m8_17,Flowers102,3.1675617523525776
m8_17,MNIST,0.4067395568996038
m8_17,RESISC45,0.8531524505971384
m8_17,RenderedSST2,0.43420890614094737
m8_18,FER2013,0.6707397178385501
m8_18,FashionMNIST,0.6090647900486647
m8_18,Flowers102,1.7367216472103317
m8_18,GTSRB,0.47945684100613667
m8_18,OxfordIIITPet,1.6379564940274354
m8_18,PCAM,0.5861141252087103
m8_18,STL10,1.383065619100104
m8_18,SUN397,0.8968807655600689
m8_19,Cars,0.6228336853484466
m8_19,DTD,1.1021973935042457
m8_19,EuroSAT,0.7302495138957924
m8_19,Food101,1.8542976674843843
m8_19,GTSRB,0.5284638529997201
m8_19,KMNIST,0.4752944727629779
m8_19,RESISC45,0.9649727145170655
m8_19,STL10,1.7216906994873669
m8_20,CIFAR10,0.9872171506554998
m8_20,DTD,1.0634549970807625
m8_20,EuroSAT,0.7282323795045261
m8_20,FER2013,0.7762440335238442
m8_20,FashionMNIST,0.7298576082605263
m8_20,Flowers102,2.311209126961948
m8_20,KMNIST,0.4935613552064503
m8_20,RESISC45,0.910223348806443
m8_21,CIFAR100,1.2223349936908567
m8_21,Cars,0.6558982309023891
m8_21,DTD,1.2516548499837483
m8_21,EuroSAT,0.7104809020925557
m8_21,GTSRB,0.5788127267104861
m8_21,KMNIST,0.5301342345119923
m8_21,MNIST,0.42915711238958504
m8_21,OxfordIIITPet,2.6215269497183864
m8_22,CIFAR10,1.1645722197864181
m8_22,CIFAR100,1.1464884992462052
m8_22,Cars,0.634541319565086
m8_22,DTD,1.0172486973732526
m8_22,FashionMNIST,0.6812640369270401
m8_22,GTSRB,0.5403132564453151
m8_22,STL10,1.6455094255533096
m8_22,SUN397,1.1700625451033737
m8_23,CIFAR100,1.1416270872186727
m8_23,Cars,0.6429380247681197
m8_23,DTD,1.1483512568852303
m8_23,EuroSAT,0.6965024526004446
m8_23,MNIST,0.4307663045896795
m8_23,OxfordIIITPet,2.133036639771001
m8_23,SUN397,1.3626281475721367
m8_23,SVHN,0.4441500865947144
m12_24,CIFAR10,1.1169356269118602
m12_24,CIFAR100,1.207591875370418
m12_24,DTD,1.1361530051708209
m12_24,EuroSAT,0.754964020128812
m12_24,FER2013,0.8427571622016603
m12_24,FashionMNIST,0.7704632601617152
m12_24,Flowers102,2.3331435796664795
m12_24,GTSRB,0.5786141581315377
m12_24,KMNIST,0.5492226277848011
m12_24,MNIST,0.4459853819419167
m12_24,RESISC45,0.9730882127995615
m12_24,SUN397,1.2910810897304197
m12_25,CIFAR10,1.170690820064591
m12_25,CIFAR100,1.1961012884801692
m12_25,Cars,0.6314260243939307
m12_25,DTD,1.0839689488096513
m12_25,EMNIST,0.3905634812425361
m12_25,EuroSAT,0.6673095962892038
m12_25,FER2013,0.8365183927800844
m12_25,FashionMNIST,0.7546905028424375
m12_25,Flowers102,2.314502279660428
m12_25,GTSRB,0.556803746126658
m12_25,OxfordIIITPet,1.9268441266190643
m12_25,RenderedSST2,0.4705807926912464
m12_26,CIFAR100,1.4833318451980368
m12_26,Cars,0.7416927537191289
m12_26,DTD,1.608366199776976
m12_26,EMNIST,0.42324050831909965
m12_26,EuroSAT,0.7965933197528623
m12_26,FashionMNIST,0.9235518832367189
m12_26,Food101,3.1212081020325257
m12_26,KMNIST,0.6211714265351824
m12_26,MNIST,0.4890189947809034
m12_26,PCAM,0.7927000279112979
m12_26,RenderedSST2,0.5181077983813411
m12_26,SVHN,0.48101714035592835
m12_27,CIFAR10,1.0552245700925593
m12_27,CIFAR100,1.1092087769084644
m12_27,Cars,0.6220148969763131
m12_27,EMNIST,0.3969027443964549
m12_27,EuroSAT,0.6472541561023722
m12_27,FER2013,0.7808500287830027
m12_27,FashionMNIST,0.7167560029064722
m12_27,Flowers102,1.9466342401782866
m12_27,Food101,1.61675465528535
m12_27,GTSRB,0.5464025309973217
m12_27,STL10,1.4266592616842146
m12_27,SUN397,1.13533813568919
m12_28,CIFAR10,1.0153338782234345
m12_28,Cars,0.6265433291731002
m12_28,EMNIST,0.397087413612182
m12_28,FER2013,0.7995332744436816
m12_28,Flowers102,2.0269669542486866
m12_28,Food101,1.7303492745316196
m12_28,GTSRB,0.545496508455664
m12_28,KMNIST,0.5348777859355274
m12_28,OxfordIIITPet,1.791878267556879
m12_28,RESISC45,0.83056069789142
m12_28,RenderedSST2,0.4671202092225847
m12_28,SUN397,1.2342524067052212
m12_29,CIFAR100,1.106271054856676
m12_29,Cars,0.6334582585003907
m12_29,DTD,1.1518339073376247
m12_29,EMNIST,0.397744196664674
m12_29,EuroSAT,0.6662827520976523
m12_29,FashionMNIST,0.7306055332986702
m12_29,Flowers102,2.422884171272571
m12_29,Food101,1.932258620170159
m12_29,GTSRB,0.5606152971359857
m12_29,MNIST,0.4394556046635333
m12_29,PCAM,0.6611604934897485
m12_29,SUN397,1.2974301105123143
m12_30,CIFAR10,1.2511335032133222
m12_30,CIFAR100,1.3801704753173651
m12_30,DTD,1.3087660774527332
m12_30,EMNIST,0.4250523578500232
m12_30,FER2013,0.9520095063420897
m12_30,Food101,2.4187146008588845
m12_30,GTSRB,0.6312717719046561
m12_30,KMNIST,0.5978877861529114
m12_30,MNIST,0.48762986558906063
m12_30,RenderedSST2,0.5136126849879702
m12_30,SUN397,1.550340324216911
m12_30,SVHN,0.4834110461140713
m12_31,CIFAR10,1.222007965660474
m12_31,EuroSAT,0.8171246472904259
m12_31,FER2013,0.9262533127707231
m12_31,FashionMNIST,0.8313047355620755
m12_31,Food101,2.3205692156067594
m12_31,GTSRB,0.6100817291665623
m12_31,KMNIST,0.571769281440705
m12_31,MNIST,0.46553152710121914
m12_31,PCAM,0.7357961753965536
m12_31,RESISC45,1.07190791056437
m12_31,STL10,1.9515179433741903
m12_31,SVHN,0.4761355560659395
m12_32,CIFAR100,1.0799085142830744
m12_32,Cars,0.6232671390879309
m12_32,EMNIST,0.3947087161475682
m12_32,EuroSAT,0.653711118472309
m12_32,FashionMNIST,0.7249009525854171
m12_32,Flowers102,2.168881134208528
m12_32,GTSRB,0.5416822401934533
m12_32,KMNIST,0.5300448183013726
m12_32,OxfordIIITPet,1.828745410255359
m12_32,PCAM,0.6426972028766973
m12_32,STL10,1.6093158171392998
m12_32,SUN397,1.2021369364489898
m12_33,CIFAR10,0.9986246826438885
m12_33,CIFAR100,1.0444826214134693
m12_33,DTD,0.9622067212878319
m12_33,EMNIST,0.4011090257796279
m12_33,FER2013,0.7572325865207785
m12_33,FashionMNIST,0.7026830813069482
m12_33,Flowers102,1.7802085574589306
m12_33,GTSRB,0.5400610558104183
m12_33,OxfordIIITPet,1.5895039792865822
m12_33,RESISC45,0.7933183049029853
m12_33,STL10,1.3464002245109006
m12_33,SUN397,1.0841691590776408
m12_34,CIFAR10,1.0547105241594845
m12_34,CIFAR100,1.0687965525025813
m12_34,Cars,0.6146059618582379
m12_34,DTD,1.0145170481768828
m12_34,EMNIST,0.405186556556273
m12_34,EuroSAT,0.6865914334431926
m12_34,Flowers102,2.0281296337569685
m12_34,KMNIST,0.533666611997548
m12_34,MNIST,0.44113900169457976
m12_34,OxfordIIITPet,1.7566092361047474
m12_34,RESISC45,0.8824436061239908
m12_34,STL10,1.5136038336255138
m12_35,CIFAR10,1.060178735640255
m12_35,CIFAR100,1.0983757390539712
m12_35,Cars,0.6169792780527203
m12_35,DTD,1.027485474757383
m12_35,FER2013,0.8003070748581581
m12_35,FashionMNIST,0.7315168942132748
m12_35,Flowers102,2.09070731233572
m12_35,Food101,1.6872917143854596
m12_35,KMNIST,0.5296101402978822
m12_35,MNIST,0.44524712192257865
m12_35,STL10,1.464087313576393
m12_35,SVHN,0.4482132009062043
