task,zs_acc,zs_over_expert,tv_norm,tv_cos,expert_acc,cov_align_hat,relres_actmat_hat,relres_mean_hat,relres_regmean_hat,cov_align_real,relres_actmat_real,relres_mean_real,relres_regmean_real,retained_ace,merged_ace,retained_actmat,merged_actmat,retained_actmat_gd,merged_actmat_gd,retained_isoc,merged_isoc,retained_mean,merged_mean,retained_regmean,merged_regmean,retained_sum04,merged_sum04,retained_ties,merged_ties,retained_tsv,merged_tsv,retained_wudi,merged_wudi
CIFAR10,0.9557,0.9633101501864731,3.9394549207631275,0.030162288101771153,0.9921,0.3060355261407319,0.29654293505363577,0.7482736295453453,0.9316500519331373,0.5662537334712865,3.3701646799099354,0.8465132680032625,0.4057326363339093,0.9899203709303498,0.9821,0.9879044451164197,0.9801,0.9896179820582602,0.9818,0.9891140006047777,0.9813,0.9790343715351276,0.9713,0.9891140006047777,0.9813,0.7770386049793369,0.7709,0.9678459832678158,0.9602,0.9876020562443303,0.9798,0.9707690756980143,0.9631
CIFAR100,0.7582,0.8144806101622086,4.486863761964963,0.02732295596059391,0.9309,0.31868437342059786,0.30112556640113,0.7740071158822989,0.9123298536896643,0.5936124462944766,2.9308885771419626,0.8601411495996788,0.46024292137578404,0.9095498979482222,0.8467,0.9067569019228704,0.8441,0.9142765066065098,0.8511,0.9209367278977334,0.8573,0.8898915028467076,0.8284,0.9041787517456226,0.8417,0.4282951981952949,0.3987,0.8140509184660008,0.7578,0.8927919217961113,0.8311,0.8135138038457407,0.7573
Cars,0.7793806740455167,0.8434724091520861,4.3928029722418565,0.01301083179902948,0.9240144260664096,0.23747397291358988,0.25607189854769025,0.8671368925670351,0.8500933487662976,0.54474649195592,2.8559742621597004,0.9092049561989191,0.3943191645468382,0.9160161507402423,0.8464121377938068,0.9096904441453567,0.840567093645069,0.9176312247644683,0.8479044894913568,0.8091520861372814,0.7476682004725781,0.8507402422611037,0.786096256684492,0.9072678331090176,0.838328566098744,0.21561238223418575,0.19922895162293247,0.7226110363391656,0.6677030220121876,0.8701211305518171,0.8040044770550927,0.7818304172274563,0.7224225842556896
DTD,0.5537234042553192,0.6543054682589566,3.7714355328289884,0.014650418985588096,0.8462765957446808,0.26151155272555915,0.42888787662584466,0.8541339296107365,0.9855558119490424,0.5543434504325616,3.9479230578029436,0.9093405459079704,0.4959581808333347,0.8962916404776871,0.7585106382978724,0.8768070395977373,0.7420212765957447,0.8654934003771213,0.7324468085106383,0.8780641106222502,0.7430851063829788,0.6913890634820867,0.5851063829787234,0.7862979258328096,0.6654255319148936,0.3236957888120679,0.27393617021276595,0.6675047140163419,0.5648936170212766,0.8504085480829667,0.7196808510638298,0.7900691389063482,0.6686170212765957
EMNIST,0.15635,0.1566554781824558,4.67033622511692,0.03664898421518424,0.99805,0.24009703406645397,0.10257014649712419,0.8020918067242623,0.6040393535969666,0.490766928082588,1.568232226389597,0.8587104299461424,0.16407809496168946,0.9955663543910626,0.993625,0.9955914032363109,0.99365,0.9950653774860979,0.993125,0.9536345874455188,0.951775,0.35331396222634137,0.352625,0.9696407995591403,0.96775,0.5845899504032864,0.58345,0.8765342417714543,0.874825,0.9892790942337558,0.98735,0.9885276288763089,0.9866
EuroSAT,0.6370370370370371,0.6425102726933134,3.743536650707296,0.02393128982516038,0.9914814814814815,0.24924431484341023,0.2114423381357928,0.7781859864113585,0.791265305767351,0.495756046174568,2.5656438045430696,0.8789364512145731,0.27168940263491265,0.9816959282779231,0.9733333333333334,0.9742248785954427,0.965925925925926,0.9816959282779231,0.9733333333333334,0.961150541651102,0.952962962962963,0.7937990287635412,0.7870370370370371,0.9686215913335823,0.9603703703703703,0.3612252521479268,0.35814814814814816,0.6921927530818079,0.6862962962962963,0.9660067239447141,0.9577777777777777,0.8423608516996637,0.8351851851851851
FER2013,0.5522429646140986,0.7186366932559826,4.756069209661084,0.02021145603249273,0.7684591808303148,0.25065652710233804,0.2215162251676711,0.8321039160294484,0.8093541831406612,0.49099712978098103,2.2763974302382324,0.8788723856929502,0.3142444647173979,0.9615663524292966,0.738924491501811,0.9583031182015954,0.7364168292003344,0.9608411892675852,0.738367233212594,0.9314720812182741,0.7157982724993034,0.7563451776649747,0.5812203956533853,0.8524292965917333,0.6550571189746448,0.5779550398839739,0.44413485650599055,0.7828136330674402,0.6015603232098078,0.9336475707034083,0.7174700473669546,0.8901377810007252,0.6840345500139314
FashionMNIST,0.6694,0.6986015445627217,4.0719856037860165,0.02577023035237757,0.9582,0.2523423172640737,0.22978670421868613,0.821022158607583,0.7485341929470045,0.5196408726797814,2.5800505443226225,0.8820756009184282,0.2758323829424074,0.9498017115424754,0.9101,0.9367564182842829,0.8976,0.9423919849718222,0.903,0.9423919849718222,0.903,0.7970152369025256,0.7637,0.9148403256105198,0.8766,0.7018367772907534,0.6725,0.8639115007305364,0.8278,0.9426007096639532,0.9032,0.9281987059069087,0.8894
Flowers102,0.7916734428362335,0.8085035708354094,0.6014572641892206,0.017031545589516334,0.9791836070905838,0.23811623849165667,1.9160920783032567,1.1521505641308585,1.4462237479791942,0.5106547704097211,46.85176307953477,1.7149921496488096,3.2804573110961206,0.8566683275203455,0.8388355830216295,0.7812655705032386,0.7650024394210441,0.7918950340475005,0.7754106358757522,0.881581132702209,0.8632297934623516,0.8148148148148149,0.7978533094812165,0.9059956817804351,0.8871361196942592,0.2340142833416376,0.22914295007318264,0.6440790566351106,0.6306716539274679,0.8646404251785418,0.8466417303626605,0.7998671317056968,0.7832167832167832
Food101,0.9232871287128713,0.9672641274583023,4.583362952501509,0.013100711102848295,0.9545346534653465,0.2511902249752468,0.3777292032140709,0.8699479854685112,0.9416506775806456,0.537858593969998,2.818353753951604,0.9126694739820626,0.3939282056656083,0.9853124222056261,0.9405148514851485,0.9807069952701022,0.9361188118811882,0.9835698282300224,0.9388514851485148,0.9683843664426189,0.9243564356435644,0.9688407601028961,0.9247920792079208,0.9811218985976269,0.9365148514851486,0.2348767737117252,0.2241980198019802,0.8903825408679777,0.8499009900990099,0.9655215334826986,0.9216237623762377,0.912704339888806,0.8712079207920792
GTSRB,0.5055423594615994,0.509739741338017,3.0188307291914414,0.02074032473766958,0.991765637371338,0.2438915221256133,0.265791924290866,0.8761395181652638,0.8614348588931475,0.4897466733059791,3.6477675131892866,0.9321886041398885,0.2867227499318759,0.929825961999042,0.9221694378463975,0.906195114162542,0.8987331749802059,0.8921443397732716,0.8847980997624703,0.9217627335142903,0.9141726049089469,0.5964394060354462,0.5915281076801266,0.8620469423598914,0.8549485352335708,0.3112725530895737,0.3087094220110847,0.6401085741657352,0.6348376880443388,0.913619671084145,0.9060965954077593,0.8352227367076481,0.828345209817894
KMNIST,0.1039,0.10511938486442737,4.212935375830138,0.027685478756471257,0.9884,0.2390547581582074,0.177648286309668,0.8243112143177681,0.6330368914008244,0.5001913170581779,2.1370477945822812,0.8691956119778732,0.22996741931420556,0.8171792796438689,0.8077,0.7784297855119385,0.7694,0.7760016187778228,0.767,0.806859571023877,0.7975,0.1123027114528531,0.111,0.6196883852691218,0.6125,0.20882233913395387,0.2064,0.3520841764467827,0.348,0.7989680291380008,0.7897,0.6726021853500607,0.6648
MNIST,0.7636,0.7650536018435026,3.5088025851139086,0.03675746431169404,0.9981,0.2427477669605661,0.1603240637320454,0.764394161122363,0.7401658425095259,0.4728504861395245,3.036618772006181,0.8382818338719655,0.217909510545979,0.9693417493237151,0.9675,0.9578198577296864,0.956,0.9630297565374212,0.9612,0.9884781084059714,0.9866,0.9292656046488328,0.9275,0.9640316601542932,0.9622,0.8915940286544435,0.8899,0.9686404167919046,0.9668,0.9797615469391845,0.9779,0.9749524095781985,0.9731
OxfordIIITPet,0.934314527119106,0.9769165004274722,3.5041274566527134,0.01778988382412701,0.9563913872989915,0.2609126811616643,0.4390627629665643,0.8284853498206152,1.0196793453766786,0.5489544929189019,4.473388250233407,0.9083532043847408,0.4914996026353984,1.0045597036192648,0.9607522485690924,1.0031347962382446,0.9593894794221859,1.0045597036192648,0.9607522485690924,1.0017098888572245,0.9580267102752794,0.9860359076660018,0.9430362496593078,1.0028498147620406,0.9591169255928046,0.6762610430322029,0.6467702371218316,0.9837560558563694,0.9408558190242573,1.0042747221430608,0.9604796947397111,0.9914505557138786,0.9482147724175525
PCAM,0.5120849609375,0.570496039166355,3.751981131445648,0.01597069120241652,0.897613525390625,0.2065854839955413,0.17086815820993817,0.8633371580635049,0.6900022565471056,0.4592122201020121,2.213039334015397,0.90143713994404,0.18502134082268262,0.9338047801992316,0.83819580078125,0.9118077040764287,0.818450927734375,0.9403325060347465,0.84405517578125,0.9215652942576412,0.82720947265625,0.7766973787100941,0.697174072265625,0.9892224526569884,0.887939453125,0.7945466290415802,0.71319580078125,0.7893788460884643,0.70855712890625,0.929452962975555,0.83428955078125,0.9027300853364159,0.810302734375
RESISC45,0.7133333333333334,0.7325183374083131,4.270069911129583,0.019362410294285,0.9738095238095238,0.25284765638773227,0.2571381015054417,0.7919414602986173,0.8664053467438618,0.512919916080349,2.5950394717394647,0.8791866482452273,0.3613517770389349,0.9377343113284434,0.9131746031746032,0.9393643031784842,0.9147619047619048,0.9356153219233904,0.9111111111111111,0.9427872860635697,0.9180952380952381,0.7817440912795437,0.7612698412698413,0.8914425427872861,0.8680952380952381,0.3079054604726977,0.29984126984126985,0.7667481662591688,0.7466666666666667,0.9163814180929095,0.8923809523809524,0.8490627546862266,0.8268253968253968
RenderedSST2,0.6891817682591982,0.8044871794871794,4.087251933179339,0.008492143379255336,0.85667215815486,0.16470147443667044,0.1814516671457473,0.9087818425574162,0.9099426406710416,0.3981912506753456,4.229799400565838,0.9331730269892846,0.26107167049788377,1.0012820512820513,0.8577704557935201,0.9955128205128205,0.8528281164195497,1.0,0.85667215815486,0.9371794871794872,0.8028555738605162,0.7852564102564102,0.6727073036792971,0.8833333333333333,0.756727073036793,0.6647435897435897,0.5694673256452498,0.7769230769230768,0.6655683690280065,0.9743589743589743,0.8347062053816584,0.9775641025641025,0.8374519494783086
STL10,0.993625,1.0002516672958348,3.8930961706310003,0.02333394412920582,0.993375,0.278950987214887,0.34933071234249724,0.7916846687834584,1.067436428420658,0.572029681627813,4.578900761815035,0.8794981647713016,0.5145695963316653,0.9994966654083302,0.992875,0.9979866616333207,0.991375,0.9988674971687429,0.99225,0.9983641625770732,0.99175,1.0003775009437523,0.99375,0.9998741663520825,0.99325,0.8213162199572166,0.815875,0.9855291304894929,0.979,0.9971058260978987,0.9905,0.9890524726311816,0.9825
SUN397,0.6823677581863979,0.8326161790017211,4.842605501752813,0.012770160817812973,0.8195465994962217,0.2629920779686552,0.3364476971144051,0.8496080284503628,0.9092633624612412,0.5640820577381211,2.9861755621520185,0.9051998049111543,0.5067727570432882,0.9417875583968527,0.7718387909319899,0.9433857880501597,0.7731486146095717,0.9414187361691665,0.771536523929471,0.946582247356774,0.7757682619647355,0.8592328497664126,0.7041813602015113,0.8776739611507254,0.719294710327456,0.41369559872141626,0.33904282115869017,0.8694369313990656,0.712544080604534,0.9151094172608804,0.7499748110831235,0.8945168428817311,0.7330982367758186
SVHN,0.5844729563614014,0.5961056260774173,4.143166268291056,0.02612443973165317,0.9804855562384758,0.23827036819871777,0.1337022666958477,0.8373452477534622,0.6127980845475818,0.48033129084243964,2.0356551159932827,0.871871511297985,0.23588183910905053,0.9335919134931828,0.9153733866011063,0.9321422974455414,0.9139520590043024,0.9362168939037768,0.9179471419791027,0.885989656793606,0.868700061462815,0.7167371885284438,0.7027504609711125,0.9175286005328318,0.8996235402581438,0.4890691114245416,0.47952519975414876,0.8028522175207647,0.7871850030731408,0.9149427989343362,0.8970881991395205,0.8654207804419369,0.8485325752919484
